category_slug,old_category_link,wp_post_count,mapped_topic,topic_confidence,new_topic_link,all_topics_breakdown
human-resources,https://www.synnovatia.com/category/human-resources/,26,People & Partnerships,96%,https://synnovatiacom.stage.site/topic/people-partnerships/,"{""Strategy & Planning"": 1, ""People & Partnerships"": 25}"
business-growth,https://www.synnovatia.com/category/business-growth/,13,Growth & Scaling,38%,https://synnovatiacom.stage.site/topic/growth-scaling/,"{""Growth & Scaling"": 5, ""Strategy & Planning"": 3, ""Mindset & Resilience"": 3, ""Ownership & Entrepreneurship"": 1, ""People & Partnerships"": 1}"
productivity-performance,https://www.synnovatia.com/category/productivity-performance/,7,Strategy & Planning,57%,https://synnovatiacom.stage.site/topic/strategy-planning/,"{""Strategy & Planning"": 4, ""Mindset & Resilience"": 2, ""Growth & Scaling"": 1}"
business-skills,https://www.synnovatia.com/category/business-skills/,6,Growth & Scaling,33%,https://synnovatiacom.stage.site/topic/growth-scaling/,"{""Growth & Scaling"": 2, ""Strategy & Planning"": 1, ""Mindset & Resilience"": 1, ""People & Partnerships"": 1, ""Ownership & Entrepreneurship"": 1}"
business-growth-small-business-strategy,https://www.synnovatia.com/category/business-growth-small-business-strategy/,6,Growth & Scaling,50%,https://synnovatiacom.stage.site/topic/growth-scaling/,"{""Growth & Scaling"": 3, ""Sales & Marketing"": 1, ""Strategy & Planning"": 2}"
productivity,https://www.synnovatia.com/category/productivity/,6,Strategy & Planning,67%,https://synnovatiacom.stage.site/topic/strategy-planning/,"{""Strategy & Planning"": 4, ""People & Partnerships"": 1, ""Mindset & Resilience"": 1}"
business-planning-business-growth,https://www.synnovatia.com/category/business-planning-business-growth/,5,Strategy & Planning,60%,https://synnovatiacom.stage.site/topic/strategy-planning/,"{""Strategy & Planning"": 3, ""Growth & Scaling"": 1, ""Mindset & Resilience"": 1}"
work-life-balance-productivity-performance,https://www.synnovatia.com/category/work-life-balance-productivity-performance/,5,Mindset & Resilience,60%,https://synnovatiacom.stage.site/topic/mindset-resilience/,"{""Mindset & Resilience"": 3, ""Strategy & Planning"": 2}"
business-success-goal-achievement-best-practices,https://www.synnovatia.com/category/business-success-goal-achievement-best-practices/,5,Strategy & Planning,60%,https://synnovatiacom.stage.site/topic/strategy-planning/,"{""Strategy & Planning"": 3, ""Sales & Marketing"": 1, ""Mindset & Resilience"": 1}"
attitude,https://www.synnovatia.com/category/attitude/,5,Mindset & Resilience,100%,https://synnovatiacom.stage.site/topic/mindset-resilience/,"{""Mindset & Resilience"": 5}"
small-business-growth,https://www.synnovatia.com/category/small-business-growth/,5,Growth & Scaling,60%,https://synnovatiacom.stage.site/topic/growth-scaling/,"{""Ownership & Entrepreneurship"": 1, ""Strategy & Planning"": 1, ""Growth & Scaling"": 3}"
small-business-blogging,https://www.synnovatia.com/category/small-business-blogging/,5,Sales & Marketing,100%,https://synnovatiacom.stage.site/topic/sales-marketing/,"{""Sales & Marketing"": 5}"
finances,https://www.synnovatia.com/category/finances/,5,Strategy & Planning,100%,https://synnovatiacom.stage.site/topic/strategy-planning/,"{""Strategy & Planning"": 5}"
strategic-coaching,https://www.synnovatia.com/category/strategic-coaching/,5,Ownership & Entrepreneurship,100%,https://synnovatiacom.stage.site/topic/ownership-entrepreneurship/,"{""Ownership & Entrepreneurship"": 5}"
uncategorized,https://www.synnovatia.com/category/uncategorized/,4,Mindset & Resilience,75%,https://synnovatiacom.stage.site/topic/mindset-resilience/,"{""Growth & Scaling"": 1, ""Mindset & Resilience"": 3}"
growth-strategies-best-practices,https://www.synnovatia.com/category/growth-strategies-best-practices/,4,Growth & Scaling,50%,https://synnovatiacom.stage.site/topic/growth-scaling/,"{""People & Partnerships"": 1, ""Growth & Scaling"": 2, ""Sales & Marketing"": 1}"
performance-motivation-attitude,https://www.synnovatia.com/category/performance-motivation-attitude/,4,People & Partnerships,50%,https://synnovatiacom.stage.site/topic/people-partnerships/,"{""People & Partnerships"": 2, ""Mindset & Resilience"": 2}"
small-business-growth-growth-strategies-small-business-success,https://www.synnovatia.com/category/small-business-growth-growth-strategies-small-business-success/,4,Growth & Scaling,75%,https://synnovatiacom.stage.site/topic/growth-scaling/,"{""Growth & Scaling"": 3, ""Mindset & Resilience"": 1}"
business-coaching,https://www.synnovatia.com/category/business-coaching/,4,Ownership & Entrepreneurship,75%,https://synnovatiacom.stage.site/topic/ownership-entrepreneurship/,"{""Ownership & Entrepreneurship"": 3, ""Mindset & Resilience"": 1}"
work-life-balance-performance,https://www.synnovatia.com/category/work-life-balance-performance/,4,Mindset & Resilience,75%,https://synnovatiacom.stage.site/topic/mindset-resilience/,"{""Strategy & Planning"": 1, ""Mindset & Resilience"": 3}"
inbound-marketing-small-business-blogging-content-marketing,https://www.synnovatia.com/category/inbound-marketing-small-business-blogging-content-marketing/,4,Sales & Marketing,100%,https://synnovatiacom.stage.site/topic/sales-marketing/,"{""Sales & Marketing"": 4}"
productivity-time-management-performance,https://www.synnovatia.com/category/productivity-time-management-performance/,4,Strategy & Planning,75%,https://synnovatiacom.stage.site/topic/strategy-planning/,"{""Strategy & Planning"": 3, ""Mindset & Resilience"": 1}"
growth-strategies-best-practices-business-planning,https://www.synnovatia.com/category/growth-strategies-best-practices-business-planning/,4,Mindset & Resilience,50%,https://synnovatiacom.stage.site/topic/mindset-resilience/,"{""Mindset & Resilience"": 2, ""People & Partnerships"": 1, ""Growth & Scaling"": 1}"
strategic-thinking,https://www.synnovatia.com/category/strategic-thinking/,3,Strategy & Planning,67%,https://synnovatiacom.stage.site/topic/strategy-planning/,"{""Strategy & Planning"": 2, ""Mindset & Resilience"": 1}"
best-practices,https://www.synnovatia.com/category/best-practices/,3,Ownership & Entrepreneurship,67%,https://synnovatiacom.stage.site/topic/ownership-entrepreneurship/,"{""Strategy & Planning"": 1, ""Ownership & Entrepreneurship"": 2}"
entrepreneurship,https://www.synnovatia.com/category/entrepreneurship/,3,Growth & Scaling,67%,https://synnovatiacom.stage.site/topic/growth-scaling/,"{""Strategy & Planning"": 1, ""Growth & Scaling"": 2}"
best-practices-business-growth-entrepreneurship,https://www.synnovatia.com/category/best-practices-business-growth-entrepreneurship/,3,Growth & Scaling,67%,https://synnovatiacom.stage.site/topic/growth-scaling/,"{""People & Partnerships"": 1, ""Growth & Scaling"": 2}"
business-growth-success-psychology,https://www.synnovatia.com/category/business-growth-success-psychology/,3,Mindset & Resilience,67%,https://synnovatiacom.stage.site/topic/mindset-resilience/,"{""Mindset & Resilience"": 2, ""Ownership & Entrepreneurship"": 1}"
small-business-growth-business-coaching,https://www.synnovatia.com/category/small-business-growth-business-coaching/,3,Growth & Scaling,33%,https://synnovatiacom.stage.site/topic/growth-scaling/,"{""Growth & Scaling"": 1, ""Mindset & Resilience"": 1, ""Ownership & Entrepreneurship"": 1}"
productivity-best-practices-performance,https://www.synnovatia.com/category/productivity-best-practices-performance/,3,Ownership & Entrepreneurship,33%,https://synnovatiacom.stage.site/topic/ownership-entrepreneurship/,"{""Ownership & Entrepreneurship"": 1, ""Mindset & Resilience"": 1, ""Strategy & Planning"": 1}"
strategic-coaching-business-coaching,https://www.synnovatia.com/category/strategic-coaching-business-coaching/,3,Ownership & Entrepreneurship,100%,https://synnovatiacom.stage.site/topic/ownership-entrepreneurship/,"{""Ownership & Entrepreneurship"": 3}"
performance,https://www.synnovatia.com/category/performance/,3,Ownership & Entrepreneurship,67%,https://synnovatiacom.stage.site/topic/ownership-entrepreneurship/,"{""Ownership & Entrepreneurship"": 2, ""Mindset & Resilience"": 1}"
small-business-success-best-practices-entrepreneurship,https://www.synnovatia.com/category/small-business-success-best-practices-entrepreneurship/,3,Strategy & Planning,67%,https://synnovatiacom.stage.site/topic/strategy-planning/,"{""Strategy & Planning"": 2, ""Mindset & Resilience"": 1}"
small-business-growth-best-practices,https://www.synnovatia.com/category/small-business-growth-best-practices/,3,Growth & Scaling,100%,https://synnovatiacom.stage.site/topic/growth-scaling/,"{""Growth & Scaling"": 3}"
performance-motivation,https://www.synnovatia.com/category/performance-motivation/,3,Mindset & Resilience,100%,https://synnovatiacom.stage.site/topic/mindset-resilience/,"{""Mindset & Resilience"": 3}"
growth-strategies-best-practices-strategic-coaching,https://www.synnovatia.com/category/growth-strategies-best-practices-strategic-coaching/,3,Strategy & Planning,33%,https://synnovatiacom.stage.site/topic/strategy-planning/,"{""Strategy & Planning"": 1, ""Growth & Scaling"": 1, ""Ownership & Entrepreneurship"": 1}"
business-planning-strategic-coaching,https://www.synnovatia.com/category/business-planning-strategic-coaching/,3,Growth & Scaling,67%,https://synnovatiacom.stage.site/topic/growth-scaling/,"{""Strategy & Planning"": 1, ""Growth & Scaling"": 2}"
business-growth-mastermind-group,https://www.synnovatia.com/category/business-growth-mastermind-group/,2,Ownership & Entrepreneurship,50%,https://synnovatiacom.stage.site/topic/ownership-entrepreneurship/,"{""Ownership & Entrepreneurship"": 1, ""People & Partnerships"": 1}"
business-skills-small-business-success-performance,https://www.synnovatia.com/category/business-skills-small-business-success-performance/,2,Strategy & Planning,50%,https://synnovatiacom.stage.site/topic/strategy-planning/,"{""Strategy & Planning"": 1, ""Mindset & Resilience"": 1}"
growth-strategy-time-management-performance,https://www.synnovatia.com/category/growth-strategy-time-management-performance/,2,Strategy & Planning,50%,https://synnovatiacom.stage.site/topic/strategy-planning/,"{""Strategy & Planning"": 1, ""Mindset & Resilience"": 1}"
business-skills-growth-strategy-small-business-success,https://www.synnovatia.com/category/business-skills-growth-strategy-small-business-success/,2,Strategy & Planning,100%,https://synnovatiacom.stage.site/topic/strategy-planning/,"{""Strategy & Planning"": 2}"
mastermind-group,https://www.synnovatia.com/category/mastermind-group/,2,People & Partnerships,100%,https://synnovatiacom.stage.site/topic/people-partnerships/,"{""People & Partnerships"": 2}"
best-practices-performance-attitude,https://www.synnovatia.com/category/best-practices-performance-attitude/,2,Mindset & Resilience,100%,https://synnovatiacom.stage.site/topic/mindset-resilience/,"{""Mindset & Resilience"": 2}"
business-skills-motivation-success-psychology,https://www.synnovatia.com/category/business-skills-motivation-success-psychology/,2,Mindset & Resilience,100%,https://synnovatiacom.stage.site/topic/mindset-resilience/,"{""Mindset & Resilience"": 2}"
best-practices-attitude,https://www.synnovatia.com/category/best-practices-attitude/,2,Ownership & Entrepreneurship,50%,https://synnovatiacom.stage.site/topic/ownership-entrepreneurship/,"{""Ownership & Entrepreneurship"": 1, ""Mindset & Resilience"": 1}"
small-business-success-best-practices-success-psychology,https://www.synnovatia.com/category/small-business-success-best-practices-success-psychology/,2,Mindset & Resilience,50%,https://synnovatiacom.stage.site/topic/mindset-resilience/,"{""Mindset & Resilience"": 1, ""Ownership & Entrepreneurship"": 1}"
small-business-strategy,https://www.synnovatia.com/category/small-business-strategy/,2,Strategy & Planning,100%,https://synnovatiacom.stage.site/topic/strategy-planning/,"{""Strategy & Planning"": 2}"
best-practices-business-growth,https://www.synnovatia.com/category/best-practices-business-growth/,2,People & Partnerships,50%,https://synnovatiacom.stage.site/topic/people-partnerships/,"{""People & Partnerships"": 1, ""Sales & Marketing"": 1}"
best-practices-performance,https://www.synnovatia.com/category/best-practices-performance/,2,Strategy & Planning,50%,https://synnovatiacom.stage.site/topic/strategy-planning/,"{""Strategy & Planning"": 1, ""Ownership & Entrepreneurship"": 1}"
small-business-start-up,https://www.synnovatia.com/category/small-business-start-up/,2,Ownership & Entrepreneurship,100%,https://synnovatiacom.stage.site/topic/ownership-entrepreneurship/,"{""Ownership & Entrepreneurship"": 2}"
small-business-success,https://www.synnovatia.com/category/small-business-success/,2,Mindset & Resilience,50%,https://synnovatiacom.stage.site/topic/mindset-resilience/,"{""Mindset & Resilience"": 1, ""Growth & Scaling"": 1}"
business-vision,https://www.synnovatia.com/category/business-vision/,2,Strategy & Planning,50%,https://synnovatiacom.stage.site/topic/strategy-planning/,"{""Strategy & Planning"": 1, ""Ownership & Entrepreneurship"": 1}"
work-life-balance,https://www.synnovatia.com/category/work-life-balance/,2,Mindset & Resilience,100%,https://synnovatiacom.stage.site/topic/mindset-resilience/,"{""Mindset & Resilience"": 2}"
strategic-business-coaching,https://www.synnovatia.com/category/strategic-business-coaching/,2,Ownership & Entrepreneurship,50%,https://synnovatiacom.stage.site/topic/ownership-entrepreneurship/,"{""Ownership & Entrepreneurship"": 1, ""Mindset & Resilience"": 1}"
performance-attitude,https://www.synnovatia.com/category/performance-attitude/,2,Mindset & Resilience,100%,https://synnovatiacom.stage.site/topic/mindset-resilience/,"{""Mindset & Resilience"": 2}"
small-business-growth-small-business-success,https://www.synnovatia.com/category/small-business-growth-small-business-success/,2,Strategy & Planning,50%,https://synnovatiacom.stage.site/topic/strategy-planning/,"{""Strategy & Planning"": 1, ""Growth & Scaling"": 1}"
small-business-growth-performance,https://www.synnovatia.com/category/small-business-growth-performance/,2,Mindset & Resilience,50%,https://synnovatiacom.stage.site/topic/mindset-resilience/,"{""Mindset & Resilience"": 1, ""Growth & Scaling"": 1}"
small-business-success-human-resources,https://www.synnovatia.com/category/small-business-success-human-resources/,2,People & Partnerships,100%,https://synnovatiacom.stage.site/topic/people-partnerships/,"{""People & Partnerships"": 2}"
women-in-business,https://www.synnovatia.com/category/women-in-business/,2,Ownership & Entrepreneurship,100%,https://synnovatiacom.stage.site/topic/ownership-entrepreneurship/,"{""Ownership & Entrepreneurship"": 2}"
small-business-strategist-small-business-success-strategic-coaching,https://www.synnovatia.com/category/small-business-strategist-small-business-success-strategic-coaching/,2,Ownership & Entrepreneurship,100%,https://synnovatiacom.stage.site/topic/ownership-entrepreneurship/,"{""Ownership & Entrepreneurship"": 2}"
inbound-marketing-small-business-blogging-lead-generation,https://www.synnovatia.com/category/inbound-marketing-small-business-blogging-lead-generation/,2,Sales & Marketing,100%,https://synnovatiacom.stage.site/topic/sales-marketing/,"{""Sales & Marketing"": 2}"
inbound-marketing-client-acquisition-lead-generation,https://www.synnovatia.com/category/inbound-marketing-client-acquisition-lead-generation/,2,Sales & Marketing,100%,https://synnovatiacom.stage.site/topic/sales-marketing/,"{""Sales & Marketing"": 2}"
client-acquisition-marketing-lead-generation,https://www.synnovatia.com/category/client-acquisition-marketing-lead-generation/,2,Sales & Marketing,100%,https://synnovatiacom.stage.site/topic/sales-marketing/,"{""Sales & Marketing"": 2}"
small-business-growth-vendors-entrepreneurship,https://www.synnovatia.com/category/small-business-growth-vendors-entrepreneurship/,2,People & Partnerships,100%,https://synnovatiacom.stage.site/topic/people-partnerships/,"{""People & Partnerships"": 2}"
sales-client-acquisition-marketing,https://www.synnovatia.com/category/sales-client-acquisition-marketing/,2,Sales & Marketing,50%,https://synnovatiacom.stage.site/topic/sales-marketing/,"{""Sales & Marketing"": 1, ""People & Partnerships"": 1}"
best-practices-client-acquisition-client-service,https://www.synnovatia.com/category/best-practices-client-acquisition-client-service/,2,Sales & Marketing,100%,https://synnovatiacom.stage.site/topic/sales-marketing/,"{""Sales & Marketing"": 2}"
vendors-growth-strategies-small-business-success,https://www.synnovatia.com/category/vendors-growth-strategies-small-business-success/,2,People & Partnerships,100%,https://synnovatiacom.stage.site/topic/people-partnerships/,"{""People & Partnerships"": 2}"
small-business-growth-small-business-success-growth-advisor,https://www.synnovatia.com/category/small-business-growth-small-business-success-growth-advisor/,2,Growth & Scaling,50%,https://synnovatiacom.stage.site/topic/growth-scaling/,"{""Growth & Scaling"": 1, ""People & Partnerships"": 1}"
small-business-growth-small-business-success-motivation,https://www.synnovatia.com/category/small-business-growth-small-business-success-motivation/,2,Growth & Scaling,50%,https://synnovatiacom.stage.site/topic/growth-scaling/,"{""Growth & Scaling"": 1, ""Mindset & Resilience"": 1}"
small-business-success-entrepreneurship-success-psychology,https://www.synnovatia.com/category/small-business-success-entrepreneurship-success-psychology/,2,Mindset & Resilience,50%,https://synnovatiacom.stage.site/topic/mindset-resilience/,"{""Mindset & Resilience"": 1, ""Strategy & Planning"": 1}"
small-business-growth-best-practices-business-planning,https://www.synnovatia.com/category/small-business-growth-best-practices-business-planning/,2,Strategy & Planning,100%,https://synnovatiacom.stage.site/topic/strategy-planning/,"{""Strategy & Planning"": 2}"
small-business-growth-business-planning,https://www.synnovatia.com/category/small-business-growth-business-planning/,2,Strategy & Planning,100%,https://synnovatiacom.stage.site/topic/strategy-planning/,"{""Strategy & Planning"": 2}"
work-life-balance-productivity-time-management,https://www.synnovatia.com/category/work-life-balance-productivity-time-management/,2,Mindset & Resilience,100%,https://synnovatiacom.stage.site/topic/mindset-resilience/,"{""Mindset & Resilience"": 2}"
productivity-growth-strategies-performance,https://www.synnovatia.com/category/productivity-growth-strategies-performance/,2,Strategy & Planning,50%,https://synnovatiacom.stage.site/topic/strategy-planning/,"{""Strategy & Planning"": 1, ""Mindset & Resilience"": 1}"
productivity-performance-motivation,https://www.synnovatia.com/category/productivity-performance-motivation/,2,People & Partnerships,50%,https://synnovatiacom.stage.site/topic/people-partnerships/,"{""People & Partnerships"": 1, ""Mindset & Resilience"": 1}"
best-practices-business-planning,https://www.synnovatia.com/category/best-practices-business-planning/,2,Ownership & Entrepreneurship,50%,https://synnovatiacom.stage.site/topic/ownership-entrepreneurship/,"{""Ownership & Entrepreneurship"": 1, ""Strategy & Planning"": 1}"
performance-strategic-coaching,https://www.synnovatia.com/category/performance-strategic-coaching/,2,Growth & Scaling,50%,https://synnovatiacom.stage.site/topic/growth-scaling/,"{""Growth & Scaling"": 1, ""Ownership & Entrepreneurship"": 1}"
best-practices-strategic-coaching,https://www.synnovatia.com/category/best-practices-strategic-coaching/,2,Ownership & Entrepreneurship,50%,https://synnovatiacom.stage.site/topic/ownership-entrepreneurship/,"{""Ownership & Entrepreneurship"": 1, ""Strategy & Planning"": 1}"
sales,https://www.synnovatia.com/category/sales/,2,Sales & Marketing,100%,https://synnovatiacom.stage.site/topic/sales-marketing/,"{""Sales & Marketing"": 2}"
business-success,https://www.synnovatia.com/category/business-success/,1,Growth & Scaling,100%,https://synnovatiacom.stage.site/topic/growth-scaling/,"{""Growth & Scaling"": 1}"
social-networking-sales-client-acquisition-marketing-inbound-marketing-business-growth,https://www.synnovatia.com/category/social-networking-sales-client-acquisition-marketing-inbound-marketing-business-growth/,1,Sales & Marketing,100%,https://synnovatiacom.stage.site/topic/sales-marketing/,"{""Sales & Marketing"": 1}"
linkedin-social-networking-social-media-best-practices,https://www.synnovatia.com/category/linkedin-social-networking-social-media-best-practices/,1,Sales & Marketing,100%,https://synnovatiacom.stage.site/topic/sales-marketing/,"{""Sales & Marketing"": 1}"
business-trends-business-planning-business-growth-marketing,https://www.synnovatia.com/category/business-trends-business-planning-business-growth-marketing/,1,Sales & Marketing,100%,https://synnovatiacom.stage.site/topic/sales-marketing/,"{""Sales & Marketing"": 1}"
growth-strategy,https://www.synnovatia.com/category/growth-strategy/,1,Ownership & Entrepreneurship,100%,https://synnovatiacom.stage.site/topic/ownership-entrepreneurship/,"{""Ownership & Entrepreneurship"": 1}"
best-practices-business-growth-business-coaching-attitude,https://www.synnovatia.com/category/best-practices-business-growth-business-coaching-attitude/,1,Ownership & Entrepreneurship,100%,https://synnovatiacom.stage.site/topic/ownership-entrepreneurship/,"{""Ownership & Entrepreneurship"": 1}"
business-skills-small-business-success-small-business-strategy,https://www.synnovatia.com/category/business-skills-small-business-success-small-business-strategy/,1,Strategy & Planning,100%,https://synnovatiacom.stage.site/topic/strategy-planning/,"{""Strategy & Planning"": 1}"
attitude-strategic-thinking,https://www.synnovatia.com/category/attitude-strategic-thinking/,1,Mindset & Resilience,100%,https://synnovatiacom.stage.site/topic/mindset-resilience/,"{""Mindset & Resilience"": 1}"
small-business-strategist-client-acquisition-marketing-strategic-coaching-client-service,https://www.synnovatia.com/category/small-business-strategist-client-acquisition-marketing-strategic-coaching-client-service/,1,Sales & Marketing,100%,https://synnovatiacom.stage.site/topic/sales-marketing/,"{""Sales & Marketing"": 1}"
small-business-growth-client-acquisition-marketing,https://www.synnovatia.com/category/small-business-growth-client-acquisition-marketing/,1,Sales & Marketing,100%,https://synnovatiacom.stage.site/topic/sales-marketing/,"{""Sales & Marketing"": 1}"
inbound-marketing-business-growth,https://www.synnovatia.com/category/inbound-marketing-business-growth/,1,Sales & Marketing,100%,https://synnovatiacom.stage.site/topic/sales-marketing/,"{""Sales & Marketing"": 1}"
small-business-growth-growth-strategies-change-management,https://www.synnovatia.com/category/small-business-growth-growth-strategies-change-management/,1,Mindset & Resilience,100%,https://synnovatiacom.stage.site/topic/mindset-resilience/,"{""Mindset & Resilience"": 1}"
motivation-attitude,https://www.synnovatia.com/category/motivation-attitude/,1,Mindset & Resilience,100%,https://synnovatiacom.stage.site/topic/mindset-resilience/,"{""Mindset & Resilience"": 1}"
small-business-growth-strategic-coaching-business-vision,https://www.synnovatia.com/category/small-business-growth-strategic-coaching-business-vision/,1,Strategy & Planning,100%,https://synnovatiacom.stage.site/topic/strategy-planning/,"{""Strategy & Planning"": 1}"
growth-strategies-best-practices-motivation-small-business-strategy,https://www.synnovatia.com/category/growth-strategies-best-practices-motivation-small-business-strategy/,1,People & Partnerships,100%,https://synnovatiacom.stage.site/topic/people-partnerships/,"{""People & Partnerships"": 1}"
small-business-growth-small-business-success-performance,https://www.synnovatia.com/category/small-business-growth-small-business-success-performance/,1,Mindset & Resilience,100%,https://synnovatiacom.stage.site/topic/mindset-resilience/,"{""Mindset & Resilience"": 1}"
business-skills-time-management-business-planning,https://www.synnovatia.com/category/business-skills-time-management-business-planning/,1,Strategy & Planning,100%,https://synnovatiacom.stage.site/topic/strategy-planning/,"{""Strategy & Planning"": 1}"
small-business-growth-small-business-assessment,https://www.synnovatia.com/category/small-business-growth-small-business-assessment/,1,Strategy & Planning,100%,https://synnovatiacom.stage.site/topic/strategy-planning/,"{""Strategy & Planning"": 1}"
growth-strategies-business-growth-entrepreneurship,https://www.synnovatia.com/category/growth-strategies-business-growth-entrepreneurship/,1,Strategy & Planning,100%,https://synnovatiacom.stage.site/topic/strategy-planning/,"{""Strategy & Planning"": 1}"
small-business-growth-goal-management-best-practices,https://www.synnovatia.com/category/small-business-growth-goal-management-best-practices/,1,Strategy & Planning,100%,https://synnovatiacom.stage.site/topic/strategy-planning/,"{""Strategy & Planning"": 1}"
business-trends,https://www.synnovatia.com/category/business-trends/,1,Ownership & Entrepreneurship,100%,https://synnovatiacom.stage.site/topic/ownership-entrepreneurship/,"{""Ownership & Entrepreneurship"": 1}"
small-business-growth-best-practices-performance,https://www.synnovatia.com/category/small-business-growth-best-practices-performance/,1,Mindset & Resilience,100%,https://synnovatiacom.stage.site/topic/mindset-resilience/,"{""Mindset & Resilience"": 1}"
social-networking-best-practices-client-acquisition,https://www.synnovatia.com/category/social-networking-best-practices-client-acquisition/,1,People & Partnerships,100%,https://synnovatiacom.stage.site/topic/people-partnerships/,"{""People & Partnerships"": 1}"
happiness-at-work-small-business-success-best-practices-performance-entrepreneurship-success-psychology-business-coaching-growing-pains,https://www.synnovatia.com/category/happiness-at-work-small-business-success-best-practices-performance-entrepreneurship-success-psychology-business-coaching-growing-pains/,1,Mindset & Resilience,100%,https://synnovatiacom.stage.site/topic/mindset-resilience/,"{""Mindset & Resilience"": 1}"
strategic-coaching-strategic-business-coaching,https://www.synnovatia.com/category/strategic-coaching-strategic-business-coaching/,1,Mindset & Resilience,100%,https://synnovatiacom.stage.site/topic/mindset-resilience/,"{""Mindset & Resilience"": 1}"
product-service-development-growth-strategies-marketing,https://www.synnovatia.com/category/product-service-development-growth-strategies-marketing/,1,Strategy & Planning,100%,https://synnovatiacom.stage.site/topic/strategy-planning/,"{""Strategy & Planning"": 1}"
growth-strategies-best-practices-business-planning-business-growth,https://www.synnovatia.com/category/growth-strategies-best-practices-business-planning-business-growth/,1,Strategy & Planning,100%,https://synnovatiacom.stage.site/topic/strategy-planning/,"{""Strategy & Planning"": 1}"
best-practices-strategic-coaching-change-management,https://www.synnovatia.com/category/best-practices-strategic-coaching-change-management/,1,Strategy & Planning,100%,https://synnovatiacom.stage.site/topic/strategy-planning/,"{""Strategy & Planning"": 1}"
business-success-business-growth-scale-small-business-small-business-strategy,https://www.synnovatia.com/category/business-success-business-growth-scale-small-business-small-business-strategy/,1,Growth & Scaling,100%,https://synnovatiacom.stage.site/topic/growth-scaling/,"{""Growth & Scaling"": 1}"
social-networking-networking-client-acquisition-marketing-client-service-lead-generation,https://www.synnovatia.com/category/social-networking-networking-client-acquisition-marketing-client-service-lead-generation/,1,People & Partnerships,100%,https://synnovatiacom.stage.site/topic/people-partnerships/,"{""People & Partnerships"": 1}"
business-skills-small-business-success-entrepreneurship,https://www.synnovatia.com/category/business-skills-small-business-success-entrepreneurship/,1,Ownership & Entrepreneurship,100%,https://synnovatiacom.stage.site/topic/ownership-entrepreneurship/,"{""Ownership & Entrepreneurship"": 1}"
small-business-growth-best-practices-small-business-strategy-strategic-thinking,https://www.synnovatia.com/category/small-business-growth-best-practices-small-business-strategy-strategic-thinking/,1,Strategy & Planning,100%,https://synnovatiacom.stage.site/topic/strategy-planning/,"{""Strategy & Planning"": 1}"
goal-achievement-performance-business-coaching,https://www.synnovatia.com/category/goal-achievement-performance-business-coaching/,1,Ownership & Entrepreneurship,100%,https://synnovatiacom.stage.site/topic/ownership-entrepreneurship/,"{""Ownership & Entrepreneurship"": 1}"
small-business-growth-performance-attitude-tags-work-life-balance,https://www.synnovatia.com/category/small-business-growth-performance-attitude-tags-work-life-balance/,1,Strategy & Planning,100%,https://synnovatiacom.stage.site/topic/strategy-planning/,"{""Strategy & Planning"": 1}"
small-business-growth-best-practices-performance-business-coaching-attitude,https://www.synnovatia.com/category/small-business-growth-best-practices-performance-business-coaching-attitude/,1,Ownership & Entrepreneurship,100%,https://synnovatiacom.stage.site/topic/ownership-entrepreneurship/,"{""Ownership & Entrepreneurship"": 1}"
business-success-best-practices-business-coaching-growth-advisor,https://www.synnovatia.com/category/business-success-best-practices-business-coaching-growth-advisor/,1,Ownership & Entrepreneurship,100%,https://synnovatiacom.stage.site/topic/ownership-entrepreneurship/,"{""Ownership & Entrepreneurship"": 1}"
small-business-growth-best-practices-performance-small-business-strategy-business-vision,https://www.synnovatia.com/category/small-business-growth-best-practices-performance-small-business-strategy-business-vision/,1,Strategy & Planning,100%,https://synnovatiacom.stage.site/topic/strategy-planning/,"{""Strategy & Planning"": 1}"
best-practices-small-business-strategy-attitude,https://www.synnovatia.com/category/best-practices-small-business-strategy-attitude/,1,Strategy & Planning,100%,https://synnovatiacom.stage.site/topic/strategy-planning/,"{""Strategy & Planning"": 1}"
happiness-at-work-business-success-small-business-strategy-business-vision,https://www.synnovatia.com/category/happiness-at-work-business-success-small-business-strategy-business-vision/,1,Strategy & Planning,100%,https://synnovatiacom.stage.site/topic/strategy-planning/,"{""Strategy & Planning"": 1}"
small-business-strategy-growing-pains-strategic-thinking,https://www.synnovatia.com/category/small-business-strategy-growing-pains-strategic-thinking/,1,Mindset & Resilience,100%,https://synnovatiacom.stage.site/topic/mindset-resilience/,"{""Mindset & Resilience"": 1}"
marketing-small-business-strategy,https://www.synnovatia.com/category/marketing-small-business-strategy/,1,Sales & Marketing,100%,https://synnovatiacom.stage.site/topic/sales-marketing/,"{""Sales & Marketing"": 1}"
small-business-growth-work-life-balance-happiness-at-work-goal-achievement-time-management,https://www.synnovatia.com/category/small-business-growth-work-life-balance-happiness-at-work-goal-achievement-time-management/,1,Mindset & Resilience,100%,https://synnovatiacom.stage.site/topic/mindset-resilience/,"{""Mindset & Resilience"": 1}"
business-skills-business-success-business-trends-business-planning,https://www.synnovatia.com/category/business-skills-business-success-business-trends-business-planning/,1,Strategy & Planning,100%,https://synnovatiacom.stage.site/topic/strategy-planning/,"{""Strategy & Planning"": 1}"
business-growth-attitude,https://www.synnovatia.com/category/business-growth-attitude/,1,Mindset & Resilience,100%,https://synnovatiacom.stage.site/topic/mindset-resilience/,"{""Mindset & Resilience"": 1}"
productivity-business-growth-small-business-strategy,https://www.synnovatia.com/category/productivity-business-growth-small-business-strategy/,1,Strategy & Planning,100%,https://synnovatiacom.stage.site/topic/strategy-planning/,"{""Strategy & Planning"": 1}"
small-business-strategist-business-growth-small-business-strategy,https://www.synnovatia.com/category/small-business-strategist-business-growth-small-business-strategy/,1,Growth & Scaling,100%,https://synnovatiacom.stage.site/topic/growth-scaling/,"{""Growth & Scaling"": 1}"
small-business-strategist-small-business-strategy,https://www.synnovatia.com/category/small-business-strategist-small-business-strategy/,1,Strategy & Planning,100%,https://synnovatiacom.stage.site/topic/strategy-planning/,"{""Strategy & Planning"": 1}"
productivity-small-business-success-attitude,https://www.synnovatia.com/category/productivity-small-business-success-attitude/,1,Mindset & Resilience,100%,https://synnovatiacom.stage.site/topic/mindset-resilience/,"{""Mindset & Resilience"": 1}"
small-business-growth-small-business-success-scale-small-business-attitude,https://www.synnovatia.com/category/small-business-growth-small-business-success-scale-small-business-attitude/,1,Strategy & Planning,100%,https://synnovatiacom.stage.site/topic/strategy-planning/,"{""Strategy & Planning"": 1}"
goal-achievement,https://www.synnovatia.com/category/goal-achievement/,1,Mindset & Resilience,100%,https://synnovatiacom.stage.site/topic/mindset-resilience/,"{""Mindset & Resilience"": 1}"
small-business-success-best-practices-performance,https://www.synnovatia.com/category/small-business-success-best-practices-performance/,1,Strategy & Planning,100%,https://synnovatiacom.stage.site/topic/strategy-planning/,"{""Strategy & Planning"": 1}"
performance-business-growth,https://www.synnovatia.com/category/performance-business-growth/,1,Mindset & Resilience,100%,https://synnovatiacom.stage.site/topic/mindset-resilience/,"{""Mindset & Resilience"": 1}"
best-practices-mastermind-group,https://www.synnovatia.com/category/best-practices-mastermind-group/,1,Ownership & Entrepreneurship,100%,https://synnovatiacom.stage.site/topic/ownership-entrepreneurship/,"{""Ownership & Entrepreneurship"": 1}"
business-trends-performance,https://www.synnovatia.com/category/business-trends-performance/,1,Strategy & Planning,100%,https://synnovatiacom.stage.site/topic/strategy-planning/,"{""Strategy & Planning"": 1}"
small-business-growth-attitude,https://www.synnovatia.com/category/small-business-growth-attitude/,1,Mindset & Resilience,100%,https://synnovatiacom.stage.site/topic/mindset-resilience/,"{""Mindset & Resilience"": 1}"
business-growth-business-vision,https://www.synnovatia.com/category/business-growth-business-vision/,1,Growth & Scaling,100%,https://synnovatiacom.stage.site/topic/growth-scaling/,"{""Growth & Scaling"": 1}"
goal-achievement-best-practices-growing-pains,https://www.synnovatia.com/category/goal-achievement-best-practices-growing-pains/,1,Mindset & Resilience,100%,https://synnovatiacom.stage.site/topic/mindset-resilience/,"{""Mindset & Resilience"": 1}"
business-skills-best-practices,https://www.synnovatia.com/category/business-skills-best-practices/,1,Ownership & Entrepreneurship,100%,https://synnovatiacom.stage.site/topic/ownership-entrepreneurship/,"{""Ownership & Entrepreneurship"": 1}"
small-business-growth-sales,https://www.synnovatia.com/category/small-business-growth-sales/,1,Sales & Marketing,100%,https://synnovatiacom.stage.site/topic/sales-marketing/,"{""Sales & Marketing"": 1}"
performance-business-growth-client-service,https://www.synnovatia.com/category/performance-business-growth-client-service/,1,Growth & Scaling,100%,https://synnovatiacom.stage.site/topic/growth-scaling/,"{""Growth & Scaling"": 1}"
goal-achievement-time-management,https://www.synnovatia.com/category/goal-achievement-time-management/,1,Strategy & Planning,100%,https://synnovatiacom.stage.site/topic/strategy-planning/,"{""Strategy & Planning"": 1}"
social-media-business-growth,https://www.synnovatia.com/category/social-media-business-growth/,1,Sales & Marketing,100%,https://synnovatiacom.stage.site/topic/sales-marketing/,"{""Sales & Marketing"": 1}"
business-skills-entrepreneurship,https://www.synnovatia.com/category/business-skills-entrepreneurship/,1,Growth & Scaling,100%,https://synnovatiacom.stage.site/topic/growth-scaling/,"{""Growth & Scaling"": 1}"
entrepreneurship-growing-pains,https://www.synnovatia.com/category/entrepreneurship-growing-pains/,1,Ownership & Entrepreneurship,100%,https://synnovatiacom.stage.site/topic/ownership-entrepreneurship/,"{""Ownership & Entrepreneurship"": 1}"
business-growth-marketing,https://www.synnovatia.com/category/business-growth-marketing/,1,Sales & Marketing,100%,https://synnovatiacom.stage.site/topic/sales-marketing/,"{""Sales & Marketing"": 1}"
happiness-at-work-attitude,https://www.synnovatia.com/category/happiness-at-work-attitude/,1,Mindset & Resilience,100%,https://synnovatiacom.stage.site/topic/mindset-resilience/,"{""Mindset & Resilience"": 1}"
small-business-growth-business-growth,https://www.synnovatia.com/category/small-business-growth-business-growth/,1,Growth & Scaling,100%,https://synnovatiacom.stage.site/topic/growth-scaling/,"{""Growth & Scaling"": 1}"
inbound-marketing-small-business-blogging,https://www.synnovatia.com/category/inbound-marketing-small-business-blogging/,1,Sales & Marketing,100%,https://synnovatiacom.stage.site/topic/sales-marketing/,"{""Sales & Marketing"": 1}"
best-practices-motivation-success-psychology,https://www.synnovatia.com/category/best-practices-motivation-success-psychology/,1,Mindset & Resilience,100%,https://synnovatiacom.stage.site/topic/mindset-resilience/,"{""Mindset & Resilience"": 1}"
goal-achievement-goal-management-business-coaching,https://www.synnovatia.com/category/goal-achievement-goal-management-business-coaching/,1,Strategy & Planning,100%,https://synnovatiacom.stage.site/topic/strategy-planning/,"{""Strategy & Planning"": 1}"
health-benefits-small-business,https://www.synnovatia.com/category/health-benefits-small-business/,1,People & Partnerships,100%,https://synnovatiacom.stage.site/topic/people-partnerships/,"{""People & Partnerships"": 1}"
product-service-development,https://www.synnovatia.com/category/product-service-development/,1,Sales & Marketing,100%,https://synnovatiacom.stage.site/topic/sales-marketing/,"{""Sales & Marketing"": 1}"
best-practices-strategic-coaching-business-coaching,https://www.synnovatia.com/category/best-practices-strategic-coaching-business-coaching/,1,Ownership & Entrepreneurship,100%,https://synnovatiacom.stage.site/topic/ownership-entrepreneurship/,"{""Ownership & Entrepreneurship"": 1}"
small-business-success-best-practices,https://www.synnovatia.com/category/small-business-success-best-practices/,1,Ownership & Entrepreneurship,100%,https://synnovatiacom.stage.site/topic/ownership-entrepreneurship/,"{""Ownership & Entrepreneurship"": 1}"
client-acquisition,https://www.synnovatia.com/category/client-acquisition/,1,Sales & Marketing,100%,https://synnovatiacom.stage.site/topic/sales-marketing/,"{""Sales & Marketing"": 1}"
small-business-growth-finances-human-resources,https://www.synnovatia.com/category/small-business-growth-finances-human-resources/,1,People & Partnerships,100%,https://synnovatiacom.stage.site/topic/people-partnerships/,"{""People & Partnerships"": 1}"
social-networking-networking,https://www.synnovatia.com/category/social-networking-networking/,1,People & Partnerships,100%,https://synnovatiacom.stage.site/topic/people-partnerships/,"{""People & Partnerships"": 1}"
productivity-motivation,https://www.synnovatia.com/category/productivity-motivation/,1,Strategy & Planning,100%,https://synnovatiacom.stage.site/topic/strategy-planning/,"{""Strategy & Planning"": 1}"
happiness-at-work-small-business-success,https://www.synnovatia.com/category/happiness-at-work-small-business-success/,1,People & Partnerships,100%,https://synnovatiacom.stage.site/topic/people-partnerships/,"{""People & Partnerships"": 1}"
productivity-best-practices-scale-small-business,https://www.synnovatia.com/category/productivity-best-practices-scale-small-business/,1,Mindset & Resilience,100%,https://synnovatiacom.stage.site/topic/mindset-resilience/,"{""Mindset & Resilience"": 1}"
small-business-growth-human-resources-growing-pains,https://www.synnovatia.com/category/small-business-growth-human-resources-growing-pains/,1,People & Partnerships,100%,https://synnovatiacom.stage.site/topic/people-partnerships/,"{""People & Partnerships"": 1}"
social-networking-networking-lead-generation,https://www.synnovatia.com/category/social-networking-networking-lead-generation/,1,Sales & Marketing,100%,https://synnovatiacom.stage.site/topic/sales-marketing/,"{""Sales & Marketing"": 1}"
women-in-business-small-business-success-business-ideas-for-women,https://www.synnovatia.com/category/women-in-business-small-business-success-business-ideas-for-women/,1,Ownership & Entrepreneurship,100%,https://synnovatiacom.stage.site/topic/ownership-entrepreneurship/,"{""Ownership & Entrepreneurship"": 1}"
best-practices-business-coaching-small-business-strategy,https://www.synnovatia.com/category/best-practices-business-coaching-small-business-strategy/,1,Ownership & Entrepreneurship,100%,https://synnovatiacom.stage.site/topic/ownership-entrepreneurship/,"{""Ownership & Entrepreneurship"": 1}"
social-media-best-practices-human-resources,https://www.synnovatia.com/category/social-media-best-practices-human-resources/,1,People & Partnerships,100%,https://synnovatiacom.stage.site/topic/people-partnerships/,"{""People & Partnerships"": 1}"
social-networking-social-media-best-practices,https://www.synnovatia.com/category/social-networking-social-media-best-practices/,1,Sales & Marketing,100%,https://synnovatiacom.stage.site/topic/sales-marketing/,"{""Sales & Marketing"": 1}"
small-business-blogging-small-business-success-success-psychology,https://www.synnovatia.com/category/small-business-blogging-small-business-success-success-psychology/,1,Sales & Marketing,100%,https://synnovatiacom.stage.site/topic/sales-marketing/,"{""Sales & Marketing"": 1}"
productivity-performance-attitude,https://www.synnovatia.com/category/productivity-performance-attitude/,1,Strategy & Planning,100%,https://synnovatiacom.stage.site/topic/strategy-planning/,"{""Strategy & Planning"": 1}"
small-business-start-up-best-practices-entrepreneurship,https://www.synnovatia.com/category/small-business-start-up-best-practices-entrepreneurship/,1,Ownership & Entrepreneurship,100%,https://synnovatiacom.stage.site/topic/ownership-entrepreneurship/,"{""Ownership & Entrepreneurship"": 1}"
small-business-growth-business-trends-human-resources,https://www.synnovatia.com/category/small-business-growth-business-trends-human-resources/,1,People & Partnerships,100%,https://synnovatiacom.stage.site/topic/people-partnerships/,"{""People & Partnerships"": 1}"
social-networking-best-practices-lead-generation,https://www.synnovatia.com/category/social-networking-best-practices-lead-generation/,1,Sales & Marketing,100%,https://synnovatiacom.stage.site/topic/sales-marketing/,"{""Sales & Marketing"": 1}"
small-business-success-entrepreneurship-attitude,https://www.synnovatia.com/category/small-business-success-entrepreneurship-attitude/,1,Mindset & Resilience,100%,https://synnovatiacom.stage.site/topic/mindset-resilience/,"{""Mindset & Resilience"": 1}"
business-trends-performance-growing-pains,https://www.synnovatia.com/category/business-trends-performance-growing-pains/,1,Mindset & Resilience,100%,https://synnovatiacom.stage.site/topic/mindset-resilience/,"{""Mindset & Resilience"": 1}"
small-business-growth-performance-entrepreneurship,https://www.synnovatia.com/category/small-business-growth-performance-entrepreneurship/,1,Mindset & Resilience,100%,https://synnovatiacom.stage.site/topic/mindset-resilience/,"{""Mindset & Resilience"": 1}"
small-business-growth-goal-achievement-goal-management,https://www.synnovatia.com/category/small-business-growth-goal-achievement-goal-management/,1,Strategy & Planning,100%,https://synnovatiacom.stage.site/topic/strategy-planning/,"{""Strategy & Planning"": 1}"
small-business-growth-best-practices-attitude,https://www.synnovatia.com/category/small-business-growth-best-practices-attitude/,1,Mindset & Resilience,100%,https://synnovatiacom.stage.site/topic/mindset-resilience/,"{""Mindset & Resilience"": 1}"
goal-management-performance-business-planning,https://www.synnovatia.com/category/goal-management-performance-business-planning/,1,Strategy & Planning,100%,https://synnovatiacom.stage.site/topic/strategy-planning/,"{""Strategy & Planning"": 1}"
content-marketing-growth-strategies-client-acquisition-lead-generation,https://www.synnovatia.com/category/content-marketing-growth-strategies-client-acquisition-lead-generation/,1,Sales & Marketing,100%,https://synnovatiacom.stage.site/topic/sales-marketing/,"{""Sales & Marketing"": 1}"
inbound-marketing-small-business-growth-marketing,https://www.synnovatia.com/category/inbound-marketing-small-business-growth-marketing/,1,Sales & Marketing,100%,https://synnovatiacom.stage.site/topic/sales-marketing/,"{""Sales & Marketing"": 1}"
small-business-blogging-content-marketing-business-growth,https://www.synnovatia.com/category/small-business-blogging-content-marketing-business-growth/,1,Sales & Marketing,100%,https://synnovatiacom.stage.site/topic/sales-marketing/,"{""Sales & Marketing"": 1}"
business-skills-small-business-blogging-content-marketing,https://www.synnovatia.com/category/business-skills-small-business-blogging-content-marketing/,1,Sales & Marketing,100%,https://synnovatiacom.stage.site/topic/sales-marketing/,"{""Sales & Marketing"": 1}"
business-success-business-planning-business-growth,https://www.synnovatia.com/category/business-success-business-planning-business-growth/,1,Growth & Scaling,100%,https://synnovatiacom.stage.site/topic/growth-scaling/,"{""Growth & Scaling"": 1}"
business-success-business-trends-business-growth,https://www.synnovatia.com/category/business-success-business-trends-business-growth/,1,Growth & Scaling,100%,https://synnovatiacom.stage.site/topic/growth-scaling/,"{""Growth & Scaling"": 1}"
small-business-growth-business-trends-best-practices,https://www.synnovatia.com/category/small-business-growth-business-trends-best-practices/,1,Growth & Scaling,100%,https://synnovatiacom.stage.site/topic/growth-scaling/,"{""Growth & Scaling"": 1}"
small-business-growth-small-business-blogging-small-business-success,https://www.synnovatia.com/category/small-business-growth-small-business-blogging-small-business-success/,1,Sales & Marketing,100%,https://synnovatiacom.stage.site/topic/sales-marketing/,"{""Sales & Marketing"": 1}"
small-business-assessment-small-business-success-business-planning,https://www.synnovatia.com/category/small-business-assessment-small-business-success-business-planning/,1,Strategy & Planning,100%,https://synnovatiacom.stage.site/topic/strategy-planning/,"{""Strategy & Planning"": 1}"
work-life-balance-productivity-entrepreneurship,https://www.synnovatia.com/category/work-life-balance-productivity-entrepreneurship/,1,Mindset & Resilience,100%,https://synnovatiacom.stage.site/topic/mindset-resilience/,"{""Mindset & Resilience"": 1}"
work-life-balance-performance-entrepreneurship,https://www.synnovatia.com/category/work-life-balance-performance-entrepreneurship/,1,Mindset & Resilience,100%,https://synnovatiacom.stage.site/topic/mindset-resilience/,"{""Mindset & Resilience"": 1}"
small-business-growth-time-management-client-acquisition,https://www.synnovatia.com/category/small-business-growth-time-management-client-acquisition/,1,Sales & Marketing,100%,https://synnovatiacom.stage.site/topic/sales-marketing/,"{""Sales & Marketing"": 1}"
business-success-business-growth-business-coaching,https://www.synnovatia.com/category/business-success-business-growth-business-coaching/,1,Ownership & Entrepreneurship,100%,https://synnovatiacom.stage.site/topic/ownership-entrepreneurship/,"{""Ownership & Entrepreneurship"": 1}"
time-management-best-practices-performance,https://www.synnovatia.com/category/time-management-best-practices-performance/,1,Strategy & Planning,100%,https://synnovatiacom.stage.site/topic/strategy-planning/,"{""Strategy & Planning"": 1}"
small-business-success-client-acquisition-client-service,https://www.synnovatia.com/category/small-business-success-client-acquisition-client-service/,1,Sales & Marketing,100%,https://synnovatiacom.stage.site/topic/sales-marketing/,"{""Sales & Marketing"": 1}"
performance-business-planning-entrepreneurship,https://www.synnovatia.com/category/performance-business-planning-entrepreneurship/,1,Strategy & Planning,100%,https://synnovatiacom.stage.site/topic/strategy-planning/,"{""Strategy & Planning"": 1}"
business-skills-small-business-success-motivation,https://www.synnovatia.com/category/business-skills-small-business-success-motivation/,1,Mindset & Resilience,100%,https://synnovatiacom.stage.site/topic/mindset-resilience/,"{""Mindset & Resilience"": 1}"
business-skills-small-business-success-best-practices,https://www.synnovatia.com/category/business-skills-small-business-success-best-practices/,1,Strategy & Planning,100%,https://synnovatiacom.stage.site/topic/strategy-planning/,"{""Strategy & Planning"": 1}"
small-business-growth-entrepreneurship-growing-pains,https://www.synnovatia.com/category/small-business-growth-entrepreneurship-growing-pains/,1,Growth & Scaling,100%,https://synnovatiacom.stage.site/topic/growth-scaling/,"{""Growth & Scaling"": 1}"
work-life-balance-happiness-at-work-attitude,https://www.synnovatia.com/category/work-life-balance-happiness-at-work-attitude/,1,Mindset & Resilience,100%,https://synnovatiacom.stage.site/topic/mindset-resilience/,"{""Mindset & Resilience"": 1}"
work-life-balance-small-business-success-best-practices,https://www.synnovatia.com/category/work-life-balance-small-business-success-best-practices/,1,Mindset & Resilience,100%,https://synnovatiacom.stage.site/topic/mindset-resilience/,"{""Mindset & Resilience"": 1}"
finances-small-business-assessment-best-practices,https://www.synnovatia.com/category/finances-small-business-assessment-best-practices/,1,Strategy & Planning,100%,https://synnovatiacom.stage.site/topic/strategy-planning/,"{""Strategy & Planning"": 1}"
goal-achievement-time-management-tags-work-life-balance,https://www.synnovatia.com/category/goal-achievement-time-management-tags-work-life-balance/,1,Mindset & Resilience,100%,https://synnovatiacom.stage.site/topic/mindset-resilience/,"{""Mindset & Resilience"": 1}"
work-life-balance-happiness-at-work-performance,https://www.synnovatia.com/category/work-life-balance-happiness-at-work-performance/,1,Mindset & Resilience,100%,https://synnovatiacom.stage.site/topic/mindset-resilience/,"{""Mindset & Resilience"": 1}"
small-business-start-up-best-practices-business-planning,https://www.synnovatia.com/category/small-business-start-up-best-practices-business-planning/,1,Sales & Marketing,100%,https://synnovatiacom.stage.site/topic/sales-marketing/,"{""Sales & Marketing"": 1}"
small-business-growth-business-skills-small-business-success,https://www.synnovatia.com/category/small-business-growth-business-skills-small-business-success/,1,Strategy & Planning,100%,https://synnovatiacom.stage.site/topic/strategy-planning/,"{""Strategy & Planning"": 1}"
work-life-balance-happiness-at-work-small-business-success,https://www.synnovatia.com/category/work-life-balance-happiness-at-work-small-business-success/,1,Mindset & Resilience,100%,https://synnovatiacom.stage.site/topic/mindset-resilience/,"{""Mindset & Resilience"": 1}"
sales-marketing-lead-generation,https://www.synnovatia.com/category/sales-marketing-lead-generation/,1,Sales & Marketing,100%,https://synnovatiacom.stage.site/topic/sales-marketing/,"{""Sales & Marketing"": 1}"
productivity-small-business-success-performance,https://www.synnovatia.com/category/productivity-small-business-success-performance/,1,Growth & Scaling,100%,https://synnovatiacom.stage.site/topic/growth-scaling/,"{""Growth & Scaling"": 1}"
small-business-growth-best-practices-client-service,https://www.synnovatia.com/category/small-business-growth-best-practices-client-service/,1,Ownership & Entrepreneurship,100%,https://synnovatiacom.stage.site/topic/ownership-entrepreneurship/,"{""Ownership & Entrepreneurship"": 1}"
finances-small-business-success-human-resources,https://www.synnovatia.com/category/finances-small-business-success-human-resources/,1,People & Partnerships,100%,https://synnovatiacom.stage.site/topic/people-partnerships/,"{""People & Partnerships"": 1}"
growth-strategy-client-acquisition-marketing,https://www.synnovatia.com/category/growth-strategy-client-acquisition-marketing/,1,Sales & Marketing,100%,https://synnovatiacom.stage.site/topic/sales-marketing/,"{""Sales & Marketing"": 1}"
productivity-performance-entrepreneurship,https://www.synnovatia.com/category/productivity-performance-entrepreneurship/,1,Strategy & Planning,100%,https://synnovatiacom.stage.site/topic/strategy-planning/,"{""Strategy & Planning"": 1}"
work-life-balance-happiness-at-work-time-management,https://www.synnovatia.com/category/work-life-balance-happiness-at-work-time-management/,1,Mindset & Resilience,100%,https://synnovatiacom.stage.site/topic/mindset-resilience/,"{""Mindset & Resilience"": 1}"
small-business-growth-entrepreneurship-scale-small-business,https://www.synnovatia.com/category/small-business-growth-entrepreneurship-scale-small-business/,1,Growth & Scaling,100%,https://synnovatiacom.stage.site/topic/growth-scaling/,"{""Growth & Scaling"": 1}"
time-management-small-business-success-performance,https://www.synnovatia.com/category/time-management-small-business-success-performance/,1,People & Partnerships,100%,https://synnovatiacom.stage.site/topic/people-partnerships/,"{""People & Partnerships"": 1}"
small-business-success-strategic-coaching-business-coaching,https://www.synnovatia.com/category/small-business-success-strategic-coaching-business-coaching/,1,Ownership & Entrepreneurship,100%,https://synnovatiacom.stage.site/topic/ownership-entrepreneurship/,"{""Ownership & Entrepreneurship"": 1}"
business-skills-best-practices-business-growth,https://www.synnovatia.com/category/business-skills-best-practices-business-growth/,1,Strategy & Planning,100%,https://synnovatiacom.stage.site/topic/strategy-planning/,"{""Strategy & Planning"": 1}"
productivity-time-management-small-business-success-performance,https://www.synnovatia.com/category/productivity-time-management-small-business-success-performance/,1,Mindset & Resilience,100%,https://synnovatiacom.stage.site/topic/mindset-resilience/,"{""Mindset & Resilience"": 1}"
small-business-assessment-performance-business-growth,https://www.synnovatia.com/category/small-business-assessment-performance-business-growth/,1,Strategy & Planning,100%,https://synnovatiacom.stage.site/topic/strategy-planning/,"{""Strategy & Planning"": 1}"
goal-achievement-best-practices-motivation-entrepreneurship,https://www.synnovatia.com/category/goal-achievement-best-practices-motivation-entrepreneurship/,1,Mindset & Resilience,100%,https://synnovatiacom.stage.site/topic/mindset-resilience/,"{""Mindset & Resilience"": 1}"
business-skills-growth-strategy-best-practices,https://www.synnovatia.com/category/business-skills-growth-strategy-best-practices/,1,Strategy & Planning,100%,https://synnovatiacom.stage.site/topic/strategy-planning/,"{""Strategy & Planning"": 1}"
happiness-at-work-small-business-success-performance-motivation,https://www.synnovatia.com/category/happiness-at-work-small-business-success-performance-motivation/,1,Mindset & Resilience,100%,https://synnovatiacom.stage.site/topic/mindset-resilience/,"{""Mindset & Resilience"": 1}"
small-business-success-motivation-entrepreneurship,https://www.synnovatia.com/category/small-business-success-motivation-entrepreneurship/,1,Mindset & Resilience,100%,https://synnovatiacom.stage.site/topic/mindset-resilience/,"{""Mindset & Resilience"": 1}"
business-trends-small-business-success-performance,https://www.synnovatia.com/category/business-trends-small-business-success-performance/,1,Growth & Scaling,100%,https://synnovatiacom.stage.site/topic/growth-scaling/,"{""Growth & Scaling"": 1}"
small-business-growth-growth-strategy-business-planning,https://www.synnovatia.com/category/small-business-growth-growth-strategy-business-planning/,1,Growth & Scaling,100%,https://synnovatiacom.stage.site/topic/growth-scaling/,"{""Growth & Scaling"": 1}"
small-business-growth-business-trends-small-business-strategy,https://www.synnovatia.com/category/small-business-growth-business-trends-small-business-strategy/,1,Growth & Scaling,100%,https://synnovatiacom.stage.site/topic/growth-scaling/,"{""Growth & Scaling"": 1}"
overcoming-fear-of-failure-performance-entrepreneurship,https://www.synnovatia.com/category/overcoming-fear-of-failure-performance-entrepreneurship/,1,Mindset & Resilience,100%,https://synnovatiacom.stage.site/topic/mindset-resilience/,"{""Mindset & Resilience"": 1}"
business-trends-best-practices-change-management,https://www.synnovatia.com/category/business-trends-best-practices-change-management/,1,Growth & Scaling,100%,https://synnovatiacom.stage.site/topic/growth-scaling/,"{""Growth & Scaling"": 1}"
work-life-balance-best-practices-entrepreneurship,https://www.synnovatia.com/category/work-life-balance-best-practices-entrepreneurship/,1,Strategy & Planning,100%,https://synnovatiacom.stage.site/topic/strategy-planning/,"{""Strategy & Planning"": 1}"
growth-strategy-best-practices-entrepreneurship,https://www.synnovatia.com/category/growth-strategy-best-practices-entrepreneurship/,1,Growth & Scaling,100%,https://synnovatiacom.stage.site/topic/growth-scaling/,"{""Growth & Scaling"": 1}"
small-business-growth-client-acquisition-lead-generation,https://www.synnovatia.com/category/small-business-growth-client-acquisition-lead-generation/,1,Growth & Scaling,100%,https://synnovatiacom.stage.site/topic/growth-scaling/,"{""Growth & Scaling"": 1}"
vendors-small-business-success-business-growth,https://www.synnovatia.com/category/vendors-small-business-success-business-growth/,1,People & Partnerships,100%,https://synnovatiacom.stage.site/topic/people-partnerships/,"{""People & Partnerships"": 1}"
small-business-growth-growth-strategy-small-business-success,https://www.synnovatia.com/category/small-business-growth-growth-strategy-small-business-success/,1,Growth & Scaling,100%,https://synnovatiacom.stage.site/topic/growth-scaling/,"{""Growth & Scaling"": 1}"
small-business-growth-small-business-success-small-business-strategy,https://www.synnovatia.com/category/small-business-growth-small-business-success-small-business-strategy/,1,Strategy & Planning,100%,https://synnovatiacom.stage.site/topic/strategy-planning/,"{""Strategy & Planning"": 1}"
small-business-growth-growth-strategies-small-business-strategy,https://www.synnovatia.com/category/small-business-growth-growth-strategies-small-business-strategy/,1,Growth & Scaling,100%,https://synnovatiacom.stage.site/topic/growth-scaling/,"{""Growth & Scaling"": 1}"
growth-strategy-small-business-success-human-resources,https://www.synnovatia.com/category/growth-strategy-small-business-success-human-resources/,1,People & Partnerships,100%,https://synnovatiacom.stage.site/topic/people-partnerships/,"{""People & Partnerships"": 1}"
small-business-growth-growth-strategy-small-business-assessment,https://www.synnovatia.com/category/small-business-growth-growth-strategy-small-business-assessment/,1,Growth & Scaling,100%,https://synnovatiacom.stage.site/topic/growth-scaling/,"{""Growth & Scaling"": 1}"
small-business-growth-growth-strategy-small-business-strategy,https://www.synnovatia.com/category/small-business-growth-growth-strategy-small-business-strategy/,1,Growth & Scaling,100%,https://synnovatiacom.stage.site/topic/growth-scaling/,"{""Growth & Scaling"": 1}"
growth-strategy-best-practices-small-business-strategy,https://www.synnovatia.com/category/growth-strategy-best-practices-small-business-strategy/,1,Strategy & Planning,100%,https://synnovatiacom.stage.site/topic/strategy-planning/,"{""Strategy & Planning"": 1}"
business-trends-time-management-client-acquisition,https://www.synnovatia.com/category/business-trends-time-management-client-acquisition/,1,Sales & Marketing,100%,https://synnovatiacom.stage.site/topic/sales-marketing/,"{""Sales & Marketing"": 1}"
pricing-strategies-best-practices-client-service,https://www.synnovatia.com/category/pricing-strategies-best-practices-client-service/,1,Sales & Marketing,100%,https://synnovatiacom.stage.site/topic/sales-marketing/,"{""Sales & Marketing"": 1}"
business-skills-business-planning-entrepreneurship,https://www.synnovatia.com/category/business-skills-business-planning-entrepreneurship/,1,Strategy & Planning,100%,https://synnovatiacom.stage.site/topic/strategy-planning/,"{""Strategy & Planning"": 1}"
inbound-marketing-content-marketing-lead-generation,https://www.synnovatia.com/category/inbound-marketing-content-marketing-lead-generation/,1,Sales & Marketing,100%,https://synnovatiacom.stage.site/topic/sales-marketing/,"{""Sales & Marketing"": 1}"
vendors-business-growth-success-psychology,https://www.synnovatia.com/category/vendors-business-growth-success-psychology/,1,Mindset & Resilience,100%,https://synnovatiacom.stage.site/topic/mindset-resilience/,"{""Mindset & Resilience"": 1}"
women-in-business-entrepreneurship,https://www.synnovatia.com/category/women-in-business-entrepreneurship/,1,Ownership & Entrepreneurship,100%,https://synnovatiacom.stage.site/topic/ownership-entrepreneurship/,"{""Ownership & Entrepreneurship"": 1}"
small-business-success-best-practices-business-vision,https://www.synnovatia.com/category/small-business-success-best-practices-business-vision/,1,Ownership & Entrepreneurship,100%,https://synnovatiacom.stage.site/topic/ownership-entrepreneurship/,"{""Ownership & Entrepreneurship"": 1}"
goal-achievement-small-business-success-business-planning,https://www.synnovatia.com/category/goal-achievement-small-business-success-business-planning/,1,Strategy & Planning,100%,https://synnovatiacom.stage.site/topic/strategy-planning/,"{""Strategy & Planning"": 1}"
small-business-growth-business-success-success-psychology,https://www.synnovatia.com/category/small-business-growth-business-success-success-psychology/,1,Strategy & Planning,100%,https://synnovatiacom.stage.site/topic/strategy-planning/,"{""Strategy & Planning"": 1}"
goal-management-small-business-success-entrepreneurship,https://www.synnovatia.com/category/goal-management-small-business-success-entrepreneurship/,1,Strategy & Planning,100%,https://synnovatiacom.stage.site/topic/strategy-planning/,"{""Strategy & Planning"": 1}"
growth-strategies-time-management-goal-management-small-business-success,https://www.synnovatia.com/category/growth-strategies-time-management-goal-management-small-business-success/,1,Strategy & Planning,100%,https://synnovatiacom.stage.site/topic/strategy-planning/,"{""Strategy & Planning"": 1}"
small-business-strategist-small-business-success-business-coaching,https://www.synnovatia.com/category/small-business-strategist-small-business-success-business-coaching/,1,People & Partnerships,100%,https://synnovatiacom.stage.site/topic/people-partnerships/,"{""People & Partnerships"": 1}"
inbound-marketing-small-business-blogging-small-business-success-best-practices,https://www.synnovatia.com/category/inbound-marketing-small-business-blogging-small-business-success-best-practices/,1,Sales & Marketing,100%,https://synnovatiacom.stage.site/topic/sales-marketing/,"{""Sales & Marketing"": 1}"
work-life-balance-time-management-small-business-success-best-practices,https://www.synnovatia.com/category/work-life-balance-time-management-small-business-success-best-practices/,1,Strategy & Planning,100%,https://synnovatiacom.stage.site/topic/strategy-planning/,"{""Strategy & Planning"": 1}"
small-business-growth-goal-achievement-best-practices,https://www.synnovatia.com/category/small-business-growth-goal-achievement-best-practices/,1,Growth & Scaling,100%,https://synnovatiacom.stage.site/topic/growth-scaling/,"{""Growth & Scaling"": 1}"
work-life-balance-small-business-success-success-psychology,https://www.synnovatia.com/category/work-life-balance-small-business-success-success-psychology/,1,Mindset & Resilience,100%,https://synnovatiacom.stage.site/topic/mindset-resilience/,"{""Mindset & Resilience"": 1}"
goal-achievement-small-business-success-business-coaching,https://www.synnovatia.com/category/goal-achievement-small-business-success-business-coaching/,1,Strategy & Planning,100%,https://synnovatiacom.stage.site/topic/strategy-planning/,"{""Strategy & Planning"": 1}"
networking-small-business-success-best-practices-client-acquisition,https://www.synnovatia.com/category/networking-small-business-success-best-practices-client-acquisition/,1,People & Partnerships,100%,https://synnovatiacom.stage.site/topic/people-partnerships/,"{""People & Partnerships"": 1}"
small-business-growth-success-psychology-business-coaching,https://www.synnovatia.com/category/small-business-growth-success-psychology-business-coaching/,1,Mindset & Resilience,100%,https://synnovatiacom.stage.site/topic/mindset-resilience/,"{""Mindset & Resilience"": 1}"
goal-achievement-goal-management-small-business-success-best-practices,https://www.synnovatia.com/category/goal-achievement-goal-management-small-business-success-best-practices/,1,Strategy & Planning,100%,https://synnovatiacom.stage.site/topic/strategy-planning/,"{""Strategy & Planning"": 1}"
small-business-growth-small-business-start-up-small-business-success,https://www.synnovatia.com/category/small-business-growth-small-business-start-up-small-business-success/,1,Ownership & Entrepreneurship,100%,https://synnovatiacom.stage.site/topic/ownership-entrepreneurship/,"{""Ownership & Entrepreneurship"": 1}"
social-networking-social-media-small-business-success-best-practices,https://www.synnovatia.com/category/social-networking-social-media-small-business-success-best-practices/,1,Sales & Marketing,100%,https://synnovatiacom.stage.site/topic/sales-marketing/,"{""Sales & Marketing"": 1}"
small-business-growth-growth-strategies-small-business-success-entrepreneurship,https://www.synnovatia.com/category/small-business-growth-growth-strategies-small-business-success-entrepreneurship/,1,People & Partnerships,100%,https://synnovatiacom.stage.site/topic/people-partnerships/,"{""People & Partnerships"": 1}"
work-life-balance-small-business-success-entrepreneurship,https://www.synnovatia.com/category/work-life-balance-small-business-success-entrepreneurship/,1,Mindset & Resilience,100%,https://synnovatiacom.stage.site/topic/mindset-resilience/,"{""Mindset & Resilience"": 1}"
small-business-success-entrepreneurship,https://www.synnovatia.com/category/small-business-success-entrepreneurship/,1,Ownership & Entrepreneurship,100%,https://synnovatiacom.stage.site/topic/ownership-entrepreneurship/,"{""Ownership & Entrepreneurship"": 1}"
small-business-growth-business-trends-small-business-success,https://www.synnovatia.com/category/small-business-growth-business-trends-small-business-success/,1,People & Partnerships,100%,https://synnovatiacom.stage.site/topic/people-partnerships/,"{""People & Partnerships"": 1}"
small-business-success-business-planning-entrepreneurship,https://www.synnovatia.com/category/small-business-success-business-planning-entrepreneurship/,1,Growth & Scaling,100%,https://synnovatiacom.stage.site/topic/growth-scaling/,"{""Growth & Scaling"": 1}"
small-business-success-marketing-success-psychology,https://www.synnovatia.com/category/small-business-success-marketing-success-psychology/,1,Mindset & Resilience,100%,https://synnovatiacom.stage.site/topic/mindset-resilience/,"{""Mindset & Resilience"": 1}"
best-practices-client-acquisition-marketing-lead-generation,https://www.synnovatia.com/category/best-practices-client-acquisition-marketing-lead-generation/,1,Sales & Marketing,100%,https://synnovatiacom.stage.site/topic/sales-marketing/,"{""Sales & Marketing"": 1}"
finances-growth-strategies-best-practices,https://www.synnovatia.com/category/finances-growth-strategies-best-practices/,1,Strategy & Planning,100%,https://synnovatiacom.stage.site/topic/strategy-planning/,"{""Strategy & Planning"": 1}"
productivity-growth-strategies-goal-management-best-practices,https://www.synnovatia.com/category/productivity-growth-strategies-goal-management-best-practices/,1,Sales & Marketing,100%,https://synnovatiacom.stage.site/topic/sales-marketing/,"{""Sales & Marketing"": 1}"
business-success-growth-strategies-strategic-coaching-business-coaching,https://www.synnovatia.com/category/business-success-growth-strategies-strategic-coaching-business-coaching/,1,People & Partnerships,100%,https://synnovatiacom.stage.site/topic/people-partnerships/,"{""People & Partnerships"": 1}"
sales-growth-strategies-small-business-success,https://www.synnovatia.com/category/sales-growth-strategies-small-business-success/,1,Sales & Marketing,100%,https://synnovatiacom.stage.site/topic/sales-marketing/,"{""Sales & Marketing"": 1}"
small-business-growth-entrepreneurship-success-psychology,https://www.synnovatia.com/category/small-business-growth-entrepreneurship-success-psychology/,1,Mindset & Resilience,100%,https://synnovatiacom.stage.site/topic/mindset-resilience/,"{""Mindset & Resilience"": 1}"
goal-achievement-goal-management-business-growth,https://www.synnovatia.com/category/goal-achievement-goal-management-business-growth/,1,Strategy & Planning,100%,https://synnovatiacom.stage.site/topic/strategy-planning/,"{""Strategy & Planning"": 1}"
small-business-growth-growth-strategies-performance,https://www.synnovatia.com/category/small-business-growth-growth-strategies-performance/,1,Growth & Scaling,100%,https://synnovatiacom.stage.site/topic/growth-scaling/,"{""Growth & Scaling"": 1}"
small-business-blogging-client-acquisition-lead-generation,https://www.synnovatia.com/category/small-business-blogging-client-acquisition-lead-generation/,1,Sales & Marketing,100%,https://synnovatiacom.stage.site/topic/sales-marketing/,"{""Sales & Marketing"": 1}"
women-in-business-growth-strategies-small-business-success,https://www.synnovatia.com/category/women-in-business-growth-strategies-small-business-success/,1,Ownership & Entrepreneurship,100%,https://synnovatiacom.stage.site/topic/ownership-entrepreneurship/,"{""Ownership & Entrepreneurship"": 1}"
pricing-strategies-finances-best-practices,https://www.synnovatia.com/category/pricing-strategies-finances-best-practices/,1,Strategy & Planning,100%,https://synnovatiacom.stage.site/topic/strategy-planning/,"{""Strategy & Planning"": 1}"
small-business-growth-product-service-development,https://www.synnovatia.com/category/small-business-growth-product-service-development/,1,Sales & Marketing,100%,https://synnovatiacom.stage.site/topic/sales-marketing/,"{""Sales & Marketing"": 1}"
small-business-growth-growth-strategies-best-practices,https://www.synnovatia.com/category/small-business-growth-growth-strategies-best-practices/,1,Strategy & Planning,100%,https://synnovatiacom.stage.site/topic/strategy-planning/,"{""Strategy & Planning"": 1}"
small-business-growth-small-business-success-best-practices,https://www.synnovatia.com/category/small-business-growth-small-business-success-best-practices/,1,Growth & Scaling,100%,https://synnovatiacom.stage.site/topic/growth-scaling/,"{""Growth & Scaling"": 1}"
small-business-growth-marketing,https://www.synnovatia.com/category/small-business-growth-marketing/,1,Sales & Marketing,100%,https://synnovatiacom.stage.site/topic/sales-marketing/,"{""Sales & Marketing"": 1}"
goal-achievement-entrepreneurship-business-coaching,https://www.synnovatia.com/category/goal-achievement-entrepreneurship-business-coaching/,1,Strategy & Planning,100%,https://synnovatiacom.stage.site/topic/strategy-planning/,"{""Strategy & Planning"": 1}"
small-business-growth-growth-strategies,https://www.synnovatia.com/category/small-business-growth-growth-strategies/,1,Growth & Scaling,100%,https://synnovatiacom.stage.site/topic/growth-scaling/,"{""Growth & Scaling"": 1}"
client-acquisition-lead-generation,https://www.synnovatia.com/category/client-acquisition-lead-generation/,1,Sales & Marketing,100%,https://synnovatiacom.stage.site/topic/sales-marketing/,"{""Sales & Marketing"": 1}"
small-business-success-motivation-success-psychology,https://www.synnovatia.com/category/small-business-success-motivation-success-psychology/,1,Mindset & Resilience,100%,https://synnovatiacom.stage.site/topic/mindset-resilience/,"{""Mindset & Resilience"": 1}"
small-business-strategist-business-success-business-coaching,https://www.synnovatia.com/category/small-business-strategist-business-success-business-coaching/,1,Ownership & Entrepreneurship,100%,https://synnovatiacom.stage.site/topic/ownership-entrepreneurship/,"{""Ownership & Entrepreneurship"": 1}"
sales-small-business-success-business-coaching,https://www.synnovatia.com/category/sales-small-business-success-business-coaching/,1,Sales & Marketing,100%,https://synnovatiacom.stage.site/topic/sales-marketing/,"{""Sales & Marketing"": 1}"
small-business-growth-goal-management-business-planning,https://www.synnovatia.com/category/small-business-growth-goal-management-business-planning/,1,Strategy & Planning,100%,https://synnovatiacom.stage.site/topic/strategy-planning/,"{""Strategy & Planning"": 1}"
time-management-business-planning-client-acquisition,https://www.synnovatia.com/category/time-management-business-planning-client-acquisition/,1,Strategy & Planning,100%,https://synnovatiacom.stage.site/topic/strategy-planning/,"{""Strategy & Planning"": 1}"
productivity-goal-achievement-time-management-performance,https://www.synnovatia.com/category/productivity-goal-achievement-time-management-performance/,1,Strategy & Planning,100%,https://synnovatiacom.stage.site/topic/strategy-planning/,"{""Strategy & Planning"": 1}"
small-business-growth-finances-growth-strategies,https://www.synnovatia.com/category/small-business-growth-finances-growth-strategies/,1,Growth & Scaling,100%,https://synnovatiacom.stage.site/topic/growth-scaling/,"{""Growth & Scaling"": 1}"
finances-small-business-success-best-practices,https://www.synnovatia.com/category/finances-small-business-success-best-practices/,1,Sales & Marketing,100%,https://synnovatiacom.stage.site/topic/sales-marketing/,"{""Sales & Marketing"": 1}"
overcoming-fear-of-failure-motivation,https://www.synnovatia.com/category/overcoming-fear-of-failure-motivation/,1,Mindset & Resilience,100%,https://synnovatiacom.stage.site/topic/mindset-resilience/,"{""Mindset & Resilience"": 1}"
best-practices-motivation,https://www.synnovatia.com/category/best-practices-motivation/,1,Sales & Marketing,100%,https://synnovatiacom.stage.site/topic/sales-marketing/,"{""Sales & Marketing"": 1}"
social-networking-performance,https://www.synnovatia.com/category/social-networking-performance/,1,Sales & Marketing,100%,https://synnovatiacom.stage.site/topic/sales-marketing/,"{""Sales & Marketing"": 1}"
sales-marketing,https://www.synnovatia.com/category/sales-marketing/,1,Sales & Marketing,100%,https://synnovatiacom.stage.site/topic/sales-marketing/,"{""Sales & Marketing"": 1}"
social-media-marketing,https://www.synnovatia.com/category/social-media-marketing/,1,Sales & Marketing,100%,https://synnovatiacom.stage.site/topic/sales-marketing/,"{""Sales & Marketing"": 1}"
legal-small-business-success,https://www.synnovatia.com/category/legal-small-business-success/,1,People & Partnerships,100%,https://synnovatiacom.stage.site/topic/people-partnerships/,"{""People & Partnerships"": 1}"
social-networking-marketing,https://www.synnovatia.com/category/social-networking-marketing/,1,Sales & Marketing,100%,https://synnovatiacom.stage.site/topic/sales-marketing/,"{""Sales & Marketing"": 1}"
pricing-strategies-finances-entrepreneurship,https://www.synnovatia.com/category/pricing-strategies-finances-entrepreneurship/,1,Sales & Marketing,100%,https://synnovatiacom.stage.site/topic/sales-marketing/,"{""Sales & Marketing"": 1}"
growth-strategies-best-practices-client-acquisition-marketing,https://www.synnovatia.com/category/growth-strategies-best-practices-client-acquisition-marketing/,1,Strategy & Planning,100%,https://synnovatiacom.stage.site/topic/strategy-planning/,"{""Strategy & Planning"": 1}"
productivity-small-business-success-best-practices-performance,https://www.synnovatia.com/category/productivity-small-business-success-best-practices-performance/,1,Strategy & Planning,100%,https://synnovatiacom.stage.site/topic/strategy-planning/,"{""Strategy & Planning"": 1}"
productivity-time-management-best-practices,https://www.synnovatia.com/category/productivity-time-management-best-practices/,1,Growth & Scaling,100%,https://synnovatiacom.stage.site/topic/growth-scaling/,"{""Growth & Scaling"": 1}"
small-business-strategist-business-success-business-trends,https://www.synnovatia.com/category/small-business-strategist-business-success-business-trends/,1,Strategy & Planning,100%,https://synnovatiacom.stage.site/topic/strategy-planning/,"{""Strategy & Planning"": 1}"
sales-finances-small-business-success-entrepreneurship,https://www.synnovatia.com/category/sales-finances-small-business-success-entrepreneurship/,1,Sales & Marketing,100%,https://synnovatiacom.stage.site/topic/sales-marketing/,"{""Sales & Marketing"": 1}"
small-business-growth-small-business-success-entrepreneurship,https://www.synnovatia.com/category/small-business-growth-small-business-success-entrepreneurship/,1,People & Partnerships,100%,https://synnovatiacom.stage.site/topic/people-partnerships/,"{""People & Partnerships"": 1}"
small-business-growth-sales-success-psychology,https://www.synnovatia.com/category/small-business-growth-sales-success-psychology/,1,Sales & Marketing,100%,https://synnovatiacom.stage.site/topic/sales-marketing/,"{""Sales & Marketing"": 1}"
small-business-success-best-practices-business-planning,https://www.synnovatia.com/category/small-business-success-best-practices-business-planning/,1,Strategy & Planning,100%,https://synnovatiacom.stage.site/topic/strategy-planning/,"{""Strategy & Planning"": 1}"
women-in-business-success-psychology,https://www.synnovatia.com/category/women-in-business-success-psychology/,1,Ownership & Entrepreneurship,100%,https://synnovatiacom.stage.site/topic/ownership-entrepreneurship/,"{""Ownership & Entrepreneurship"": 1}"
overcoming-fear-of-failure-business-success-entrepreneurship-success-psychology,https://www.synnovatia.com/category/overcoming-fear-of-failure-business-success-entrepreneurship-success-psychology/,1,Mindset & Resilience,100%,https://synnovatiacom.stage.site/topic/mindset-resilience/,"{""Mindset & Resilience"": 1}"
pricing-small-business-growth-small-business-assessment-small-business-success-entrepreneurship,https://www.synnovatia.com/category/pricing-small-business-growth-small-business-assessment-small-business-success-entrepreneurship/,1,Growth & Scaling,100%,https://synnovatiacom.stage.site/topic/growth-scaling/,"{""Growth & Scaling"": 1}"
small-business-blogging-content-marketing,https://www.synnovatia.com/category/small-business-blogging-content-marketing/,1,Sales & Marketing,100%,https://synnovatiacom.stage.site/topic/sales-marketing/,"{""Sales & Marketing"": 1}"
small-business-growth-small-business-assessment-small-business-success,https://www.synnovatia.com/category/small-business-growth-small-business-assessment-small-business-success/,1,Growth & Scaling,100%,https://synnovatiacom.stage.site/topic/growth-scaling/,"{""Growth & Scaling"": 1}"
small-business-blogging-content-marketing-marketing,https://www.synnovatia.com/category/small-business-blogging-content-marketing-marketing/,1,Sales & Marketing,100%,https://synnovatiacom.stage.site/topic/sales-marketing/,"{""Sales & Marketing"": 1}"
social-networking-marketing-lead-generation,https://www.synnovatia.com/category/social-networking-marketing-lead-generation/,1,Sales & Marketing,100%,https://synnovatiacom.stage.site/topic/sales-marketing/,"{""Sales & Marketing"": 1}"
overcoming-fear-of-failure-business-success-motivation-entrepreneurship,https://www.synnovatia.com/category/overcoming-fear-of-failure-business-success-motivation-entrepreneurship/,1,Mindset & Resilience,100%,https://synnovatiacom.stage.site/topic/mindset-resilience/,"{""Mindset & Resilience"": 1}"
work-life-balance-business-growth-entrepreneurship,https://www.synnovatia.com/category/work-life-balance-business-growth-entrepreneurship/,1,Mindset & Resilience,100%,https://synnovatiacom.stage.site/topic/mindset-resilience/,"{""Mindset & Resilience"": 1}"
business-success-best-practices-business-growth-business-ideas-for-women,https://www.synnovatia.com/category/business-success-best-practices-business-growth-business-ideas-for-women/,1,Ownership & Entrepreneurship,100%,https://synnovatiacom.stage.site/topic/ownership-entrepreneurship/,"{""Ownership & Entrepreneurship"": 1}"
pricing-best-practices-business-growth,https://www.synnovatia.com/category/pricing-best-practices-business-growth/,1,Sales & Marketing,100%,https://synnovatiacom.stage.site/topic/sales-marketing/,"{""Sales & Marketing"": 1}"
business-trends-business-growth-business-coaching,https://www.synnovatia.com/category/business-trends-business-growth-business-coaching/,1,Growth & Scaling,100%,https://synnovatiacom.stage.site/topic/growth-scaling/,"{""Growth & Scaling"": 1}"
goal-achievement-goal-management,https://www.synnovatia.com/category/goal-achievement-goal-management/,1,Strategy & Planning,100%,https://synnovatiacom.stage.site/topic/strategy-planning/,"{""Strategy & Planning"": 1}"
business-trends-best-practices,https://www.synnovatia.com/category/business-trends-best-practices/,1,Sales & Marketing,100%,https://synnovatiacom.stage.site/topic/sales-marketing/,"{""Sales & Marketing"": 1}"
linkedin-social-networking-networking-best-practices,https://www.synnovatia.com/category/linkedin-social-networking-networking-best-practices/,1,Sales & Marketing,100%,https://synnovatiacom.stage.site/topic/sales-marketing/,"{""Sales & Marketing"": 1}"
social-networking-networking-best-practices-client-acquisition,https://www.synnovatia.com/category/social-networking-networking-best-practices-client-acquisition/,1,People & Partnerships,100%,https://synnovatiacom.stage.site/topic/people-partnerships/,"{""People & Partnerships"": 1}"
work-life-balance-productivity-performance-entrepreneurship,https://www.synnovatia.com/category/work-life-balance-productivity-performance-entrepreneurship/,1,Mindset & Resilience,100%,https://synnovatiacom.stage.site/topic/mindset-resilience/,"{""Mindset & Resilience"": 1}"
business-success-goal-achievement-goal-management-entrepreneurship,https://www.synnovatia.com/category/business-success-goal-achievement-goal-management-entrepreneurship/,1,Strategy & Planning,100%,https://synnovatiacom.stage.site/topic/strategy-planning/,"{""Strategy & Planning"": 1}"
work-life-balance-best-practices-motivation-entrepreneurship-success-psychology,https://www.synnovatia.com/category/work-life-balance-best-practices-motivation-entrepreneurship-success-psychology/,1,Mindset & Resilience,100%,https://synnovatiacom.stage.site/topic/mindset-resilience/,"{""Mindset & Resilience"": 1}"
growth-strategies-best-practices-business-growth,https://www.synnovatia.com/category/growth-strategies-best-practices-business-growth/,1,Growth & Scaling,100%,https://synnovatiacom.stage.site/topic/growth-scaling/,"{""Growth & Scaling"": 1}"
work-life-balance-time-management-success-psychology,https://www.synnovatia.com/category/work-life-balance-time-management-success-psychology/,1,Mindset & Resilience,100%,https://synnovatiacom.stage.site/topic/mindset-resilience/,"{""Mindset & Resilience"": 1}"
productivity-time-management-goal-management-best-practices-performance-entrepreneurship,https://www.synnovatia.com/category/productivity-time-management-goal-management-best-practices-performance-entrepreneurship/,1,Strategy & Planning,100%,https://synnovatiacom.stage.site/topic/strategy-planning/,"{""Strategy & Planning"": 1}"
motivation-strategic-coaching-entrepreneurship,https://www.synnovatia.com/category/motivation-strategic-coaching-entrepreneurship/,1,Ownership & Entrepreneurship,100%,https://synnovatiacom.stage.site/topic/ownership-entrepreneurship/,"{""Ownership & Entrepreneurship"": 1}"
work-life-balance-growth-strategies-best-practices-business-growth-entrepreneurship,https://www.synnovatia.com/category/work-life-balance-growth-strategies-best-practices-business-growth-entrepreneurship/,1,Ownership & Entrepreneurship,100%,https://synnovatiacom.stage.site/topic/ownership-entrepreneurship/,"{""Ownership & Entrepreneurship"": 1}"
best-practices-performance-business-planning-business-growth,https://www.synnovatia.com/category/best-practices-performance-business-planning-business-growth/,1,Growth & Scaling,100%,https://synnovatiacom.stage.site/topic/growth-scaling/,"{""Growth & Scaling"": 1}"
business-success-best-practices-business-planning-entrepreneurship,https://www.synnovatia.com/category/business-success-best-practices-business-planning-entrepreneurship/,1,Strategy & Planning,100%,https://synnovatiacom.stage.site/topic/strategy-planning/,"{""Strategy & Planning"": 1}"
business-success-best-practices-business-planning-business-vision,https://www.synnovatia.com/category/business-success-best-practices-business-planning-business-vision/,1,Strategy & Planning,100%,https://synnovatiacom.stage.site/topic/strategy-planning/,"{""Strategy & Planning"": 1}"
business-success-best-practices-entrepreneurship-success-psychology,https://www.synnovatia.com/category/business-success-best-practices-entrepreneurship-success-psychology/,1,Ownership & Entrepreneurship,100%,https://synnovatiacom.stage.site/topic/ownership-entrepreneurship/,"{""Ownership & Entrepreneurship"": 1}"
overcoming-fear-of-failure-business-success-motivation,https://www.synnovatia.com/category/overcoming-fear-of-failure-business-success-motivation/,1,Mindset & Resilience,100%,https://synnovatiacom.stage.site/topic/mindset-resilience/,"{""Mindset & Resilience"": 1}"
business-growth-start-up-entrepreneurship,https://www.synnovatia.com/category/business-growth-start-up-entrepreneurship/,1,People & Partnerships,100%,https://synnovatiacom.stage.site/topic/people-partnerships/,"{""People & Partnerships"": 1}"
work-life-balance-growth-strategies-motivation-entrepreneurship,https://www.synnovatia.com/category/work-life-balance-growth-strategies-motivation-entrepreneurship/,1,Mindset & Resilience,100%,https://synnovatiacom.stage.site/topic/mindset-resilience/,"{""Mindset & Resilience"": 1}"
best-practices-entrepreneurship-success-psychology-business-coaching,https://www.synnovatia.com/category/best-practices-entrepreneurship-success-psychology-business-coaching/,1,Ownership & Entrepreneurship,100%,https://synnovatiacom.stage.site/topic/ownership-entrepreneurship/,"{""Ownership & Entrepreneurship"": 1}"
business-growth-strategic-coaching-entrepreneurship-business-coaching,https://www.synnovatia.com/category/business-growth-strategic-coaching-entrepreneurship-business-coaching/,1,Ownership & Entrepreneurship,100%,https://synnovatiacom.stage.site/topic/ownership-entrepreneurship/,"{""Ownership & Entrepreneurship"": 1}"
best-practices-business-growth-strategic-coaching-business-coaching,https://www.synnovatia.com/category/best-practices-business-growth-strategic-coaching-business-coaching/,1,Ownership & Entrepreneurship,100%,https://synnovatiacom.stage.site/topic/ownership-entrepreneurship/,"{""Ownership & Entrepreneurship"": 1}"
growth-strategies-performance-business-growth-entrepreneurship,https://www.synnovatia.com/category/growth-strategies-performance-business-growth-entrepreneurship/,1,Growth & Scaling,100%,https://synnovatiacom.stage.site/topic/growth-scaling/,"{""Growth & Scaling"": 1}"
work-life-balance-performance-business-growth-motivation-entrepreneurship-success-psychology,https://www.synnovatia.com/category/work-life-balance-performance-business-growth-motivation-entrepreneurship-success-psychology/,1,Ownership & Entrepreneurship,100%,https://synnovatiacom.stage.site/topic/ownership-entrepreneurship/,"{""Ownership & Entrepreneurship"": 1}"
work-life-balance-productivity-time-management-motivation,https://www.synnovatia.com/category/work-life-balance-productivity-time-management-motivation/,1,Mindset & Resilience,100%,https://synnovatiacom.stage.site/topic/mindset-resilience/,"{""Mindset & Resilience"": 1}"
vendors-business-trends-strategic-coaching-entrepreneurship-business-coaching,https://www.synnovatia.com/category/vendors-business-trends-strategic-coaching-entrepreneurship-business-coaching/,1,Ownership & Entrepreneurship,100%,https://synnovatiacom.stage.site/topic/ownership-entrepreneurship/,"{""Ownership & Entrepreneurship"": 1}"
business-trends-business-planning-business-growth-entrepreneurship-business-coaching,https://www.synnovatia.com/category/business-trends-business-planning-business-growth-entrepreneurship-business-coaching/,1,Ownership & Entrepreneurship,100%,https://synnovatiacom.stage.site/topic/ownership-entrepreneurship/,"{""Ownership & Entrepreneurship"": 1}"
growth-strategies-motivation-client-acquisition-marketing,https://www.synnovatia.com/category/growth-strategies-motivation-client-acquisition-marketing/,1,Sales & Marketing,100%,https://synnovatiacom.stage.site/topic/sales-marketing/,"{""Sales & Marketing"": 1}"
business-trends-growth-strategies-business-growth,https://www.synnovatia.com/category/business-trends-growth-strategies-business-growth/,1,Growth & Scaling,100%,https://synnovatiacom.stage.site/topic/growth-scaling/,"{""Growth & Scaling"": 1}"
strategic-coaching-entrepreneurship-success-psychology-business-coaching,https://www.synnovatia.com/category/strategic-coaching-entrepreneurship-success-psychology-business-coaching/,1,Ownership & Entrepreneurship,100%,https://synnovatiacom.stage.site/topic/ownership-entrepreneurship/,"{""Ownership & Entrepreneurship"": 1}"
growth-strategies-motivation-entrepreneurship-success-psychology,https://www.synnovatia.com/category/growth-strategies-motivation-entrepreneurship-success-psychology/,1,Mindset & Resilience,100%,https://synnovatiacom.stage.site/topic/mindset-resilience/,"{""Mindset & Resilience"": 1}"
social-networking-networking-growth-strategies-best-practices-client-acquisition,https://www.synnovatia.com/category/social-networking-networking-growth-strategies-best-practices-client-acquisition/,1,Sales & Marketing,100%,https://synnovatiacom.stage.site/topic/sales-marketing/,"{""Sales & Marketing"": 1}"
social-networking-networking-client-acquisition,https://www.synnovatia.com/category/social-networking-networking-client-acquisition/,1,People & Partnerships,100%,https://synnovatiacom.stage.site/topic/people-partnerships/,"{""People & Partnerships"": 1}"
product-service-development-best-practices-performance-client-service,https://www.synnovatia.com/category/product-service-development-best-practices-performance-client-service/,1,Growth & Scaling,100%,https://synnovatiacom.stage.site/topic/growth-scaling/,"{""Growth & Scaling"": 1}"
performance-success-psychology,https://www.synnovatia.com/category/performance-success-psychology/,1,Mindset & Resilience,100%,https://synnovatiacom.stage.site/topic/mindset-resilience/,"{""Mindset & Resilience"": 1}"
productivity-growth-strategies-best-practices-strategic-coaching-success-psychology,https://www.synnovatia.com/category/productivity-growth-strategies-best-practices-strategic-coaching-success-psychology/,1,Growth & Scaling,100%,https://synnovatiacom.stage.site/topic/growth-scaling/,"{""Growth & Scaling"": 1}"
work-life-balance-productivity-performance-success-psychology,https://www.synnovatia.com/category/work-life-balance-productivity-performance-success-psychology/,1,Growth & Scaling,100%,https://synnovatiacom.stage.site/topic/growth-scaling/,"{""Growth & Scaling"": 1}"
work-life-balance-performance-motivation,https://www.synnovatia.com/category/work-life-balance-performance-motivation/,1,Mindset & Resilience,100%,https://synnovatiacom.stage.site/topic/mindset-resilience/,"{""Mindset & Resilience"": 1}"
growth-strategies-best-practices-performance,https://www.synnovatia.com/category/growth-strategies-best-practices-performance/,1,Strategy & Planning,100%,https://synnovatiacom.stage.site/topic/strategy-planning/,"{""Strategy & Planning"": 1}"
work-life-balance-productivity,https://www.synnovatia.com/category/work-life-balance-productivity/,1,Mindset & Resilience,100%,https://synnovatiacom.stage.site/topic/mindset-resilience/,"{""Mindset & Resilience"": 1}"
best-practices-performance-motivation-change-management,https://www.synnovatia.com/category/best-practices-performance-motivation-change-management/,1,Growth & Scaling,100%,https://synnovatiacom.stage.site/topic/growth-scaling/,"{""Growth & Scaling"": 1}"
growth-strategies-motivation,https://www.synnovatia.com/category/growth-strategies-motivation/,1,Mindset & Resilience,100%,https://synnovatiacom.stage.site/topic/mindset-resilience/,"{""Mindset & Resilience"": 1}"
social-networking-networking-client-acquisition-marketing,https://www.synnovatia.com/category/social-networking-networking-client-acquisition-marketing/,1,People & Partnerships,100%,https://synnovatiacom.stage.site/topic/people-partnerships/,"{""People & Partnerships"": 1}"
social-networking-networking-growth-strategies-client-acquisition,https://www.synnovatia.com/category/social-networking-networking-growth-strategies-client-acquisition/,1,People & Partnerships,100%,https://synnovatiacom.stage.site/topic/people-partnerships/,"{""People & Partnerships"": 1}"
social-networking-networking-best-practices-business-planning-client-acquisition,https://www.synnovatia.com/category/social-networking-networking-best-practices-business-planning-client-acquisition/,1,People & Partnerships,100%,https://synnovatiacom.stage.site/topic/people-partnerships/,"{""People & Partnerships"": 1}"
best-practices-motivation-marketing,https://www.synnovatia.com/category/best-practices-motivation-marketing/,1,Ownership & Entrepreneurship,100%,https://synnovatiacom.stage.site/topic/ownership-entrepreneurship/,"{""Ownership & Entrepreneurship"": 1}"
social-networking-client-acquisition-client-service,https://www.synnovatia.com/category/social-networking-client-acquisition-client-service/,1,Sales & Marketing,100%,https://synnovatiacom.stage.site/topic/sales-marketing/,"{""Sales & Marketing"": 1}"
finances-performance-start-up,https://www.synnovatia.com/category/finances-performance-start-up/,1,Sales & Marketing,100%,https://synnovatiacom.stage.site/topic/sales-marketing/,"{""Sales & Marketing"": 1}"
growth-strategies-best-practices-motivation,https://www.synnovatia.com/category/growth-strategies-best-practices-motivation/,1,Strategy & Planning,100%,https://synnovatiacom.stage.site/topic/strategy-planning/,"{""Strategy & Planning"": 1}"
best-practices-client-acquisition,https://www.synnovatia.com/category/best-practices-client-acquisition/,1,People & Partnerships,100%,https://synnovatiacom.stage.site/topic/people-partnerships/,"{""People & Partnerships"": 1}"
business-planning-marketing,https://www.synnovatia.com/category/business-planning-marketing/,1,Growth & Scaling,100%,https://synnovatiacom.stage.site/topic/growth-scaling/,"{""Growth & Scaling"": 1}"
marketing,https://www.synnovatia.com/category/marketing/,1,Sales & Marketing,100%,https://synnovatiacom.stage.site/topic/sales-marketing/,"{""Sales & Marketing"": 1}"
client-acquisition-marketing-client-service,https://www.synnovatia.com/category/client-acquisition-marketing-client-service/,1,Strategy & Planning,100%,https://synnovatiacom.stage.site/topic/strategy-planning/,"{""Strategy & Planning"": 1}"
productivity-performance-strategic-coaching,https://www.synnovatia.com/category/productivity-performance-strategic-coaching/,1,Strategy & Planning,100%,https://synnovatiacom.stage.site/topic/strategy-planning/,"{""Strategy & Planning"": 1}"
vendors,https://www.synnovatia.com/category/vendors/,1,People & Partnerships,100%,https://synnovatiacom.stage.site/topic/people-partnerships/,"{""People & Partnerships"": 1}"
vendors-finances,https://www.synnovatia.com/category/vendors-finances/,1,People & Partnerships,100%,https://synnovatiacom.stage.site/topic/people-partnerships/,"{""People & Partnerships"": 1}"
sales-client-service,https://www.synnovatia.com/category/sales-client-service/,1,Sales & Marketing,100%,https://synnovatiacom.stage.site/topic/sales-marketing/,"{""Sales & Marketing"": 1}"
sales-strategic-coaching,https://www.synnovatia.com/category/sales-strategic-coaching/,1,Sales & Marketing,100%,https://synnovatiacom.stage.site/topic/sales-marketing/,"{""Sales & Marketing"": 1}"
product-service-development-sales,https://www.synnovatia.com/category/product-service-development-sales/,1,Sales & Marketing,100%,https://synnovatiacom.stage.site/topic/sales-marketing/,"{""Sales & Marketing"": 1}"
productivity-social-networking-marketing,https://www.synnovatia.com/category/productivity-social-networking-marketing/,1,Sales & Marketing,100%,https://synnovatiacom.stage.site/topic/sales-marketing/,"{""Sales & Marketing"": 1}"
productivity-product-service-development,https://www.synnovatia.com/category/productivity-product-service-development/,1,Sales & Marketing,100%,https://synnovatiacom.stage.site/topic/sales-marketing/,"{""Sales & Marketing"": 1}"
work-life-balance-motivation,https://www.synnovatia.com/category/work-life-balance-motivation/,1,Mindset & Resilience,100%,https://synnovatiacom.stage.site/topic/mindset-resilience/,"{""Mindset & Resilience"": 1}"
work-life-balance-productivity-growth-strategies-performance-strategic-coaching,https://www.synnovatia.com/category/work-life-balance-productivity-growth-strategies-performance-strategic-coaching/,1,Mindset & Resilience,100%,https://synnovatiacom.stage.site/topic/mindset-resilience/,"{""Mindset & Resilience"": 1}"
work-life-balance-productivity-performance-strategic-coaching,https://www.synnovatia.com/category/work-life-balance-productivity-performance-strategic-coaching/,1,Strategy & Planning,100%,https://synnovatiacom.stage.site/topic/strategy-planning/,"{""Strategy & Planning"": 1}"
performance-business-planning-strategic-coaching,https://www.synnovatia.com/category/performance-business-planning-strategic-coaching/,1,Strategy & Planning,100%,https://synnovatiacom.stage.site/topic/strategy-planning/,"{""Strategy & Planning"": 1}"
work-life-balance-business-planning-strategic-coaching,https://www.synnovatia.com/category/work-life-balance-business-planning-strategic-coaching/,1,Strategy & Planning,100%,https://synnovatiacom.stage.site/topic/strategy-planning/,"{""Strategy & Planning"": 1}"
vendors-strategic-coaching-client-service,https://www.synnovatia.com/category/vendors-strategic-coaching-client-service/,1,People & Partnerships,100%,https://synnovatiacom.stage.site/topic/people-partnerships/,"{""People & Partnerships"": 1}"
vendors-best-practices-strategic-coaching,https://www.synnovatia.com/category/vendors-best-practices-strategic-coaching/,1,Ownership & Entrepreneurship,100%,https://synnovatiacom.stage.site/topic/ownership-entrepreneurship/,"{""Ownership & Entrepreneurship"": 1}"
vendors-best-practices,https://www.synnovatia.com/category/vendors-best-practices/,1,People & Partnerships,100%,https://synnovatiacom.stage.site/topic/people-partnerships/,"{""People & Partnerships"": 1}"
social-networking,https://www.synnovatia.com/category/social-networking/,1,Strategy & Planning,100%,https://synnovatiacom.stage.site/topic/strategy-planning/,"{""Strategy & Planning"": 1}"
start-up,https://www.synnovatia.com/category/start-up/,1,Ownership & Entrepreneurship,100%,https://synnovatiacom.stage.site/topic/ownership-entrepreneurship/,"{""Ownership & Entrepreneurship"": 1}"
productivity-time-management,https://www.synnovatia.com/category/productivity-time-management/,1,Strategy & Planning,100%,https://synnovatiacom.stage.site/topic/strategy-planning/,"{""Strategy & Planning"": 1}"
