id,title,link,primary_topic,secondary_topic,confidence
11114,How to Accelerate Business Growth When the Economy Feels Uncertain,https://www.synnovatia.com/accelerate-business-growth-uncertain-times/,Growth & Scaling,Strategy & Planning,high
8512,What No One Tells An Entrepreneur About Breaking Through a Business Plateau,https://www.synnovatia.com/entrepreneur-breaking-through-a-business-plateau/,Growth & Scaling,Ownership & Entrepreneurship,high
3284,Nine Steps to Building Trust Online & Offline for Your Small Business,https://www.synnovatia.com/business-coaching-bid-72474-nine-steps-to-building-trust-online-offline-for-your-small-business/,Sales & Marketing,,high
3309,Are You a Master Strategist? Test Your Strategic Skills with This Quiz,https://www.synnovatia.com/business-coaching-got-strategic-skills/,Strategy & Planning,,high
10402,Navigating the Distinct Challenges of Women in Business,https://www.synnovatia.com/navigating-the-distinct-challenges-women-in-business/,Ownership & Entrepreneurship,People & Partnerships,medium
3308,Unlock Business Growth Through Annual Strategic Planning,https://www.synnovatia.com/business-coaching-year-end-assessment-annual-business-planning/,Strategy & Planning,Growth & Scaling,high
3532,How Strategic Thinking Shapes Small Business Success…And Saves Money,https://www.synnovatia.com/business-coaching-bid-182599-how-strategic-thinking-shapes-small-business-success-and-saves-money/,Strategy & Planning,,high
3764,Strategic Alliances: The Catalyst for Business Growth,https://www.synnovatia.com/business-coaching-bid-105758-strategic-alliances-the-future-of-small-business-growth/,People & Partnerships,Growth & Scaling,high
3603,Strategic Business Growth: Putting “Social” Back in Social Media,https://www.synnovatia.com/business-coaching-bid-156159-small-business-owners-it-s-time-to-put-social-back-in-social-media/,Sales & Marketing,,high
3294,The Value of Community for Emerging and Growing Entrepreneurs,https://www.synnovatia.com/business-coaching-the-value-of-community-for-emerging-and-growing-entrepreneurs/,People & Partnerships,Ownership & Entrepreneurship,medium
3787,Eliminate Energy Drains for Better Business Growth,https://www.synnovatia.com/business-coaching-bid-72420-say-goodbye-to-things-that-bug-you/,Mindset & Resilience,Growth & Scaling,medium
3346,The Future of Business Growth and Client Engagement Lies in Mobile Mastery,https://www.synnovatia.com/business-coaching-how-to-boost-your-small-business-consumer-engagement-with-mobile-trends/,Sales & Marketing,,high
9890,"Can You Grow Your Business in an Uncertain Economy? Yes, with a Business Growth Strategist!",https://www.synnovatia.com/can-you-grow-your-business-in-an-uncertain-economy-yes-with-a-business-growth-strategist/,Growth & Scaling,,high
3442,Entrepreneur Recharge: Combat Fatigue & Drive Business Growth,https://www.synnovatia.com/business-coaching-fatigue-the-worst-possible-growth-strategy-for-your-small-business/,Mindset & Resilience,Growth & Scaling,high
9332,How to Grow Your Business with Precision and Priority,https://www.synnovatia.com/how-to-grow-your-business-with-precision-and-priority/,Growth & Scaling,Strategy & Planning,high
9307,Entrepreneurs: Balancing  Uncertainty and Complexity,https://www.synnovatia.com/entrepreneurs-balancing-uncertainty-and-complexity/,Mindset & Resilience,Growth & Scaling,high
9284,Accountability for Entrepreneurs: From Chaos to Clarity,https://www.synnovatia.com/accountability-for-entrepreneurs-from-chaos-to-clarity/,Mindset & Resilience,Ownership & Entrepreneurship,medium
9263,Essential Skills Entrepreneurs Need to Know to Grow & Scale,https://www.synnovatia.com/essential-skills-entrepreneurs-need-to-know-to-grow-scale/,Growth & Scaling,,high
9223,SMART Goals vs. Tasks: The Ultimate Guide to Effective Planning,https://www.synnovatia.com/smart-goals-vs-tasks-the-ultimate-guide-to-effective-planning/,Strategy & Planning,,high
9217,Unlock Your Business Growth: A Complete Guide to Planning,https://www.synnovatia.com/unlock-your-business-growth-a-complete-guide-to-planning/,Strategy & Planning,Growth & Scaling,high
9150,Strategic Thinking: The Ultimate Self-Care for Overwhelmed Entrepreneurs,https://www.synnovatia.com/strategic-thinking-self-care-for-overwhelmed-entrepreneurs/,Mindset & Resilience,Strategy & Planning,high
8857,How Systems Thinking Boosts Your Business Growth,https://www.synnovatia.com/how-systems-thinking-boosts-your-business-growth/,Growth & Scaling,Strategy & Planning,high
8843,Want Better Business Results? Avoid These 5 Things,https://www.synnovatia.com/want-better-business-results-avoid-these-5-things/,Strategy & Planning,Mindset & Resilience,medium
8752,Is it Time to Rethink Your Strategy?,https://www.synnovatia.com/is-it-time-to-rethink-your-strategy/,Strategy & Planning,,high
8616,7 Questions to Ask When Crafting Your Growth Plan,https://www.synnovatia.com/questions-for-growth-plan/,Growth & Scaling,Strategy & Planning,high
8606,Overcoming the 6 Most Common Hurdles Entrepreneurs Face When Growth Planning,https://www.synnovatia.com/overcoming-hurdles-entrepreneurs-face-when-growth-planning/,Growth & Scaling,Strategy & Planning,high
8562,What Makes the Middle so Messy for Entrepreneurs,https://www.synnovatia.com/the-messy-middle-for-entrepreneurs/,Ownership & Entrepreneurship,Growth & Scaling,high
3435,The Ultimate Cheat Sheet for the Stages of Business Growth,https://www.synnovatia.com/business-coaching-the-ultimate-cheat-sheet-for-the-stages-of-business-growth/,Growth & Scaling,,high
3298,Business Coaching Through the Stages of Business Growth,https://www.synnovatia.com/business-coaching-business-coaching-your-business-stages-of-business-growth/,Growth & Scaling,,high
3295,25 Life Lessons: Advice To My Younger Entrepreneurial Self,https://www.synnovatia.com/business-coaching-21-life-lessons-younger-business-coaching-self/,Ownership & Entrepreneurship,Mindset & Resilience,high
3341,Join a Mastermind Group? Here’s What You Need to Know.,https://www.synnovatia.com/business-coaching-join-a-mastermind-group-heres-what-you-need-to-know/,People & Partnerships,,high
3509,Strategic Thinking: Not A Small Business After-Hours Activity,https://www.synnovatia.com/business-coaching-bid-184081-strategic-thinking-not-a-small-business-after-hours-activity/,Strategy & Planning,,high
3413,6 Simple Ways to Strengthen Your Strategic Thinking Muscles,https://www.synnovatia.com/business-coaching-6-simple-ways-to-strengthen-your-strategic-thinking-muscles/,Strategy & Planning,,high
3351,"Magic Wands, Unicorns & Other Mythical Thinking of Entrepreneurs",https://www.synnovatia.com/business-coaching-magic-wands-unicorns-other-mythical-thinking-of-entrepreneurs/,Mindset & Resilience,Ownership & Entrepreneurship,medium
8077,Use Strategic Thinking to Shape Your Small Business Growth,https://www.synnovatia.com/strategic-thinking-shapes-your-small-business-growth/,Strategy & Planning,Growth & Scaling,high
3396,Should You Micro Niche Your Way to Business Growth?,https://www.synnovatia.com/business-coaching-micro-niche-your-way-to-business-growth/,Sales & Marketing,Growth & Scaling,medium
3283,Use This Strategic Approach in Your Business to Uncover Moments of Truth,https://www.synnovatia.com/business-coaching-bid-88076-uncover-the-moments-of-truth-in-your-business-with-a-strategic-coach/,Sales & Marketing,Strategy & Planning,medium
3515,Maneuvering the “Jargon Jungle” of Small Business Marketing,https://www.synnovatia.com/business-coaching-bid-183435-maneuvering-the-jargon-jungle-of-small-business-marketing/,Sales & Marketing,,high
3318,The Business-Changing Lessons of a Mastermind Group,https://www.synnovatia.com/business-coaching-mastermind-group-business-lessons/,People & Partnerships,,high
3390,Consider An Inbound Marketing Strategy for Business Growth,https://www.synnovatia.com/business-coaching-why-you-cant-wait-to-launch-your-inbound-marketing-strategy-for-business-growth/,Sales & Marketing,,high
3297,Become Your Own Business Coach to Master Self-Accountability,https://www.synnovatia.com/business-coaching-small-business-coaching-tips-accountability/,Mindset & Resilience,Ownership & Entrepreneurship,medium
3464,Know When to “Zip It” to Avoid Damage to Your Small Business Growth,https://www.synnovatia.com/business-coaching-know-when-to-zip-it-to-avoid-damage-to-your-small-business-growth/,People & Partnerships,Mindset & Resilience,medium
3533,Business Growth Strategies to Snap You Out of Your Funk,https://www.synnovatia.com/business-coaching-bid-182573-business-growth-strategies-to-snap-you-out-of-your-funk/,Mindset & Resilience,Growth & Scaling,high
3472,8 Ways to Plug into Your Personal Power for Business Growth,https://www.synnovatia.com/business-coaching-8-ways-to-plug-into-your-personal-power-grow-your-small-business/,Mindset & Resilience,Ownership & Entrepreneurship,medium
3348,Plagued by Uncertainty? Take Your Small Business BIG!,https://www.synnovatia.com/business-coaching-plagued-by-uncertainty-take-your-small-business-big/,Mindset & Resilience,Growth & Scaling,medium
3276,Strategic Thinking Shapes the Business Strategy and Future of Your Business,https://www.synnovatia.com/business-coaching-bid-147890-how-strategic-thinking-shapes-the-future-of-your-small-business/,Strategy & Planning,,high
3270,The Art of the Ask: How to Ask For and Get What You Want in Business,https://www.synnovatia.com/business-coaching-bid-151775-the-art-of-the-ask-how-to-ask-for-and-get-what-you-want-in-business/,People & Partnerships,Sales & Marketing,medium
3580,Do Small Business Opportunities Exist Despite the Incessant Pandemic?,https://www.synnovatia.com/business-coaching-bid-156892-10-ways-to-create-opportunities-for-your-small-business/,Mindset & Resilience,Growth & Scaling,medium
3798,The Sign That Launched My Entrepreneurial Outlook,https://www.synnovatia.com/business-coaching-bid-72434-don-t-have-time-to-do-things-right-the-first-time/,Ownership & Entrepreneurship,Mindset & Resilience,medium
3572,Plan the Work. Work the Plan. How to Create Time for Strategic Planning,https://www.synnovatia.com/business-coaching-bid-157210-plan-the-work-work-the-plan-how-to-create-time-for-strategic-planning/,Strategy & Planning,,high
3377,How to Use A Year End Assessment to Grow Your Business,https://www.synnovatia.com/business-coaching-how-to-use-a-year-end-assessment-to-achieve-business-growth/,Strategy & Planning,Growth & Scaling,high
3511,5 Myths About Strategic Thinking Slowing Your Business Growth,https://www.synnovatia.com/business-coaching-bid-184074-5-myths-about-strategic-thinking-slowing-your-small-business-growth/,Strategy & Planning,Growth & Scaling,high
3803,Oh No! An Invisible Gorilla is Slowing My Business Growth,https://www.synnovatia.com/business-coaching-bid-72525-strategic-coach-sees-the-invisible-gorilla-in-your-business-growth/,Mindset & Resilience,Growth & Scaling,medium
3280,The Blueprint for Strategic Business Growth for The Messy Middle,https://www.synnovatia.com/business-coaching-bid-141670-five-rates-to-guide-your-business-growth/,Strategy & Planning,Growth & Scaling,high
7737,The Entrepreneurs Strategy to Overcome Stalled Growth,https://www.synnovatia.com/the-entrepreneur-strategy-to-overcome-stalled-growth/,Growth & Scaling,Strategy & Planning,high
7636,"The Small Business Entrepreneurs Little Known, Extremely Effective, Source of Resilience",https://www.synnovatia.com/the-small-business-entrepreneurs-effective-source-of-resilience/,Mindset & Resilience,,high
3282,Small Business Goals: The Only Thing You Need to Know to Set & Achieve Them,https://www.synnovatia.com/business-coaching-set-achieve-small-business-goals/,Strategy & Planning,,high
7575,Insights on Goal Achievement: Shared Characteristics  of  Achievers,https://www.synnovatia.com/insights-goal-achievement-shared-characteristics-achievers-share/,Mindset & Resilience,Strategy & Planning,medium
7538,Is It Just Me? Or Does Business Sometimes Feel Like an MLM (Opinion),https://www.synnovatia.com/is-it-just-me-or-does-business-sometimes-feel-like-an-mlm-opinion/,Ownership & Entrepreneurship,,low
3605,Extreme Self Care: The Small Business Owners New Growth Strategy,https://www.synnovatia.com/business-coaching-bid-156049-the-small-business-owners-new-growth-strategy-extreme-self-care/,Mindset & Resilience,Growth & Scaling,high
3268,The Art of Building Business Relationships,https://www.synnovatia.com/business-coaching-bid-72465-the-art-of-building-business-relationships/,People & Partnerships,,high
3269,6 Quick Fixes for Small Business Owner Stress,https://www.synnovatia.com/business-coaching-performance-self-induced-stress-small-business-owner/,Mindset & Resilience,,high
3271,The Often Overlooked Strategy: Year End Celebration,https://www.synnovatia.com/business-coaching-bid-154298-the-often-overlooked-strategy-year-end-celebration/,Mindset & Resilience,Strategy & Planning,medium
3272,"Dare to Dream, Create, Play, and Shine Like the U.S. Women’s Soccer Team",https://www.synnovatia.com/business-coaching-dare-to-dream-create-play-and-shine-like-the-u-s-womens-soccer-team/,Mindset & Resilience,,medium
3273,How Can A Business Coach Help Defeat Caution And Improve Growth,https://www.synnovatia.com/business-coaching-bid-152399-is-caution-slowing-your-business-growth-how-business-coach-overcomes-caution-speeds-up-the-pace/,Mindset & Resilience,Growth & Scaling,medium
3274,Stuck? 7 Reasons Why Your Small Business Is Not Growing. Fixes Included.,https://www.synnovatia.com/business-coaching-bid-157951-stuck-7-reasons-why-your-small-business-is-not-growing/,Growth & Scaling,,high
3275,4 Types of Business Strategies to Fast Forward Your Growth,https://www.synnovatia.com/business-coaching-bid-127523-4-strategies-to-fast-forward-your-small-business-growth/,Strategy & Planning,Growth & Scaling,high
3277,10 Reasons Entrepreneurs Achieve Greater Coaching Success Than Others,https://www.synnovatia.com/business-coaching-10-reasons-entrepreneurs-achieve-greater-coaching-success-than-others/,Ownership & Entrepreneurship,Mindset & Resilience,medium
3278,10 Common Business Growing Pains Overcome in a Mastermind Group,https://www.synnovatia.com/business-coaching-10-business-growing-pains-overcome-in-a-mastermind-group/,People & Partnerships,Growth & Scaling,high
3279,The Power of a Business Assessment on Your Business Goals,https://www.synnovatia.com/business-coaching-bid-144513-the-power-of-a-business-assessment-on-your-business-goals/,Strategy & Planning,,high
3281,The Benefits of Strategic Coaching to Manage Change,https://www.synnovatia.com/business-coaching-bid-72424-strategic-coaching-to-manage-change-and-stay-the-course/,Strategy & Planning,Mindset & Resilience,medium
3285,The Business Strategy of Network Effect & Its Impact on Your Ability to Scale Your Small Business,https://www.synnovatia.com/business-coaching-the-business-strategy-of-network-effect-its-impact-on-your-ability-to-scale-your-small-business/,Growth & Scaling,Strategy & Planning,high
3286,Solidify Your Business Network Immediately Using This Little Known Business Strategy,https://www.synnovatia.com/business-coaching-solidify-your-business-network-immediately-using-this-little-known-business-strategy/,People & Partnerships,Strategy & Planning,medium
3287,6 Vital Skills Small Business Owners Need to Master,https://www.synnovatia.com/business-coaching-bid-156931-6-vital-skills-small-business-owners-need-to-master/,Ownership & Entrepreneurship,Strategy & Planning,medium
3288,Avoid Making This Everyday Mistake with Your Business Strategy When Growing Your Small Business,https://www.synnovatia.com/business-coaching-avoid-this-business-strategy-mistake-in-your-small-business/,Strategy & Planning,Growth & Scaling,high
3289,What Coaching Expertise is Best When You’re Making a Big Improvement: Life Coach or Business Coach,https://www.synnovatia.com/business-coaching-best-expertise-life-coach-vs-business-coach/,Ownership & Entrepreneurship,,medium
3290,Want to Boost Your Small Business Performance? Take These  Coaching Tips For a Spin,https://www.synnovatia.com/business-coaching-small-business-coaching-for-business-performance/,Strategy & Planning,Mindset & Resilience,medium
3291,The Small Business Coach’s Guide to Meaningful Work: The Golden Thread,https://www.synnovatia.com/business-coaching-small-business-coach-meaningful-work-guide/,Ownership & Entrepreneurship,,medium
3292,Buyer Beware:  How to Avoid the Bad Actors of Business Coaching,https://www.synnovatia.com/business-coaching-business-coaching-buyer-beware/,Ownership & Entrepreneurship,Mindset & Resilience,medium
3293,Need Some Guidance Selecting Your Business Strategy? Consider These Six Simple Steps.,https://www.synnovatia.com/business-coaching-guidance-selecting-business-strategy/,Strategy & Planning,,high
3296,The Business Strategy to Breakthrough to Success,https://www.synnovatia.com/business-coaching-the-breakthrough-business-strategy/,Strategy & Planning,Growth & Scaling,high
3299,The Best Kind of Business Strategy: Progress,https://www.synnovatia.com/business-coaching-business-strategy-progress/,Strategy & Planning,Mindset & Resilience,medium
3300,The Unsuspecting Business Strategy That Beats Entrepreneurial Overwhelm,https://www.synnovatia.com/business-coaching-business-strategy-beats-overwhelm/,Mindset & Resilience,Strategy & Planning,high
3301,Four Problems You Can Solve With an Innovative Business Strategy,https://www.synnovatia.com/business-coaching-innovative-business-strategy-solves-problems/,Strategy & Planning,,high
3302,Branding: What It Is and Why It Is Important (Guest Post),https://www.synnovatia.com/business-coaching-branding-what-it-is-and-why-it-is-important-guest-post/,Sales & Marketing,,high
3303,5 Ways For Entrepreneurs To Ditch Pointless Overwhelm,https://www.synnovatia.com/business-coaching-ditch-overwhelm-for-entrepreneurs/,Mindset & Resilience,,high
3304,Tools to Navigate An Evolving Small Business Environment,https://www.synnovatia.com/business-coaching-tools-to-navigate-evolving-small-business-environment/,Strategy & Planning,,medium
3305,The Importance of Environment to Growing a Business,https://www.synnovatia.com/business-coaching-the-importance-of-environment-to-business-growth/,Growth & Scaling,Mindset & Resilience,medium
3306,How to Stack the Deck in Your Favor When Shaping an Advisory Board,https://www.synnovatia.com/business-coaching-small-business-advisory-board-setup/,People & Partnerships,,high
3307,Is an Advisory Board in Your Small Business Future?,https://www.synnovatia.com/business-coaching-small-business-advisory-board/,People & Partnerships,,high
3310,What Everyone is Saying About the Importance of a Business Strategy,https://www.synnovatia.com/business-coaching-importance-of-business-strategy/,Strategy & Planning,,high
3311,8 Questions to Scrutinize Your Business Strategy  (Like a Boss),https://www.synnovatia.com/business-coaching-test-your-business-strategy/,Strategy & Planning,,high
3312,"The Most Overworked, Underutilized Business Growth Strategy: Imagination",https://www.synnovatia.com/business-coaching-business-growth-strategy-imagination/,Strategy & Planning,Mindset & Resilience,medium
3313,5 Key Factors in Determining Your Business Strategy for Growth,https://www.synnovatia.com/business-coaching-5-key-factors-determining-business-strategy/,Strategy & Planning,Growth & Scaling,high
3314,10 Ways Your Mind Sabotages Your Business Strategy…And How to Fix It,https://www.synnovatia.com/business-coaching-10-ways-business-strategy-is-sabotaged/,Mindset & Resilience,Strategy & Planning,high
3315,The Business Strategy Realization Requirement: Time,https://www.synnovatia.com/business-coaching-the-business-strategy-realization-requirement/,Strategy & Planning,,high
3316,The Best Kind of Business Strategist for Your Business Growth,https://www.synnovatia.com/business-coaching-business-strategist-for-business-growth/,Growth & Scaling,Strategy & Planning,medium
3317,5 Things Your Business Strategist Wants You to Avoid,https://www.synnovatia.com/business-coaching-5-things-your-business-strategist-wants-you-to-avoid/,Strategy & Planning,,medium
3319,The Entrepreneurs Guide to Reaching the Summit,https://www.synnovatia.com/business-coaching-performance-the-entrepreneurs-summit-guide/,Ownership & Entrepreneurship,Mindset & Resilience,medium
3320,The Small Business Owners Guide to What to Do When,https://www.synnovatia.com/business-coaching-small-business-owners-guide-to-what-to-do-when/,Strategy & Planning,Mindset & Resilience,medium
3321,Are You a Fit Entrepreneur?,https://www.synnovatia.com/business-coaching-performance-fit-entrepreneur/,Ownership & Entrepreneurship,,medium
3322,Are You Ready for the Risk of a Small Business Startup?,https://www.synnovatia.com/business-coaching-small-business-startup-risk/,Ownership & Entrepreneurship,Strategy & Planning,medium
3323,Choosing The Hustle” Means Business Startup Success”,https://www.synnovatia.com/business-coaching-business-startup/,Ownership & Entrepreneurship,Mindset & Resilience,medium
3324,An Alternative Approach to Achieving Work-Life Balance for Small Business Owners,https://www.synnovatia.com/business-coaching-work-life-balance-small-business-owners/,Mindset & Resilience,,high
3325,Changing the Path of Productivity for Small Business Owners,https://www.synnovatia.com/business-coaching-small-business-owner-productivity/,Strategy & Planning,Mindset & Resilience,medium
3326,The Purpose and the Power of Being in Process,https://www.synnovatia.com/business-coaching-small-business-process/,Mindset & Resilience,Strategy & Planning,medium
3327,The Small Business Owners Quickest Route to Success,https://www.synnovatia.com/business-coaching-small-business-success/,Strategy & Planning,,medium
3328,Two Words That Kill Small Business Success,https://www.synnovatia.com/business-coaching-two-words-that-kill-small-business-success/,Mindset & Resilience,Strategy & Planning,medium
3329,Do You Suffer From Goal Fatigue in Your Small Business?,https://www.synnovatia.com/business-coaching-goal-fatigue-in-your-small-business/,Mindset & Resilience,Strategy & Planning,medium
3330,On Certainty,https://www.synnovatia.com/business-coaching-small-business-certainty/,Mindset & Resilience,Strategy & Planning,medium
3331,How to Nudge a Nagging Project,https://www.synnovatia.com/business-coaching-how-to-nudge-a-nagging-project/,Strategy & Planning,Mindset & Resilience,medium
3332,The Small Business Vision: Why It Matters More Than (Fill in the Blank),https://www.synnovatia.com/business-coaching-small-business-vision-why-it-matters/,Strategy & Planning,Ownership & Entrepreneurship,medium
3333,How to Maximize  Results From Business Coaching,https://www.synnovatia.com/business-coaching-how-to-maximize-your-business-coaching-results/,Ownership & Entrepreneurship,,medium
3334,Work-Life Balance: Reality or Fantasy for Small Business Owners,https://www.synnovatia.com/business-coaching-work-life-balance-reality-or-fantasy-for-small-business-owners/,Mindset & Resilience,,high
3335,The Small Business Owners’ Secret Weapon,https://www.synnovatia.com/business-coaching-small-business-owners-secret-weapon/,Strategy & Planning,,medium
3336,When The Entrepreneur’s Engine Floods,https://www.synnovatia.com/business-coaching-entrepreneurs-engine-floods/,Mindset & Resilience,,medium
3337,The Conversation Every Small Business Owner Wants,https://www.synnovatia.com/business-coaching-small-business-owner-commitment/,People & Partnerships,Mindset & Resilience,medium
3338,The Entrepreneurs Vision to Believe In,https://www.synnovatia.com/business-coaching-entrepreneurs-vision-believe/,Ownership & Entrepreneurship,Mindset & Resilience,medium
3339,It’s Time to Reinvent the Entrepreneurs To-Do List,https://www.synnovatia.com/business-coaching-its-time-to-reinvent-the-entrepreneurs-to-do-list/,Strategy & Planning,,medium
3340,The Capacity to Excel: How Entrepreneurs Succeed On Purpose,https://www.synnovatia.com/business-coaching-capacity-to-excel-how-entrepreneurs-succeed-on-purpose/,Ownership & Entrepreneurship,Mindset & Resilience,medium
3342,Where No One Dares to Go: Inside The Mind of a Business Coach,https://www.synnovatia.com/business-coaching-inside-the-mind-of-a-business-coach/,Ownership & Entrepreneurship,,medium
3343,Release Your Inner Franklin: 4 Tips to Develop a Lifelong Learning Strategy,https://www.synnovatia.com/business-coaching-release-your-inner-franklin-4-tips-to-develop-a-lifelong-learning-strategy/,Strategy & Planning,Mindset & Resilience,medium
3344,How Do Your Clients Describe Your Customer Service Experience?,https://www.synnovatia.com/business-coaching-small-business-customer-service-experience/,Sales & Marketing,,high
3345,What You Need to Know About Small Business Automation,https://www.synnovatia.com/business-coaching-what-you-need-to-know-about-small-business-automation/,Strategy & Planning,Growth & Scaling,medium
3347,How to Make the Most of New Technology Trends,https://www.synnovatia.com/business-coaching-how-to-make-the-most-of-new-technology-trends/,Strategy & Planning,,medium
3349,Don’t Fail Because Your Small Business Lacks Accountability!,https://www.synnovatia.com/business-coaching-dont-fail-because-your-small-business-lacks-accountability/,Mindset & Resilience,Strategy & Planning,medium
3350,The One Thing Holding Back Most Small Businesses,https://www.synnovatia.com/business-coaching-the-one-thing-holding-back-most-small-businesses/,Growth & Scaling,Strategy & Planning,medium
3352,5 Ways to Overcome the Agonizing Discomfort of Entrepreneurship,https://www.synnovatia.com/business-coaching-5-ways-to-overcome-the-agonizing-discomfort-of-entrepreneurship/,Mindset & Resilience,,high
3353,The Small Business Benefits of a Disciplined “No”,https://www.synnovatia.com/business-coaching-the-small-business-benefits-of-a-disciplined-no/,Mindset & Resilience,Strategy & Planning,medium
3354,In The Absence of a Destination for Your Small Business…,https://www.synnovatia.com/business-coaching-in-the-absence-of-a-destination-for-your-small-business/,Strategy & Planning,,medium
3355,The Most Overlooked Key Performance Indicator for Entrepreneurs,https://www.synnovatia.com/business-coaching-the-most-overlooked-key-performance-indicator-for-entrepreneurs/,Strategy & Planning,,medium
3356,Business Skills You Can Learn From Playing Hay Day,https://www.synnovatia.com/business-coaching-business-skills-you-can-learn-from-playing-hay-day/,Mindset & Resilience,Growth & Scaling,low
3357,The One Cutback Every Small Business Owner Needs,https://www.synnovatia.com/business-coaching-the-one-cutback-every-small-business-owner-needs/,Mindset & Resilience,,high
3358,The Four Necessities of Business Coaching for Small Business,https://www.synnovatia.com/business-coaching-necessities-of-business-coaching-for-small-business/,Ownership & Entrepreneurship,,medium
3359,6 Ways Good Documentation Can Save Your Small Business Money,https://www.synnovatia.com/business-coaching-6-ways-good-documentation-can-save-your-small-business-money/,Strategy & Planning,,medium
3360,"Dear Diary: I’m a Frustrated, Overwhelmed Business Owner. Now What?",https://www.synnovatia.com/business-coaching-dear-diary-im-a-frustrated-overwhelmed-business-owner-now-what/,Mindset & Resilience,,high
3361,5 Reasons Your Small Business Should Have an Employment Application,https://www.synnovatia.com/business-coaching-5-reasons-your-small-business-should-have-an-employment-application/,People & Partnerships,,high
3362,10 Ways to Prevent Office Fever: A Business Coach’s Tutorial,https://www.synnovatia.com/business-coaching-10-ways-to-prevent-office-fever-a-business-coachs-tutorial/,Mindset & Resilience,,medium
3363,Where Will Your Best Employee Be 1 Year From Now?,https://www.synnovatia.com/business-coaching-where-will-your-best-employee-be-1-year-from-now/,People & Partnerships,,high
3364,Successful Entrepreneurs Give Us a Look Inside Their Minds,https://www.synnovatia.com/business-coaching-inside-the-mind-of-entrepreneur/,Ownership & Entrepreneurship,,medium
3365,Here’s How to Really Inspire Your Small Business Success!,https://www.synnovatia.com/business-coaching-small-business-dream-inspiration/,Mindset & Resilience,,medium
3366,Four Ways HR Solutions Gives Your Business a Boost,https://www.synnovatia.com/business-coaching-four-ways-hr-solutions-gives-your-business-a-boost/,People & Partnerships,,high
3367,The Most-Loved Downloads For Small Business Owners in 2015,https://www.synnovatia.com/business-coaching-the-most-loved-downloads-for-small-business-owners-in-2015/,Strategy & Planning,,low
3368,Reading List Reveals The Small Business Owners Interest in 2015,https://www.synnovatia.com/business-coaching-actions-small-business-owner-in-2015/,Strategy & Planning,,low
3369,Want To Make Your Small Business More Valuable? Consider This!,https://www.synnovatia.com/business-coaching-make-your-small-business-more-valuable/,Growth & Scaling,,medium
3370,Trigger Business Growth By Coming Out Of The Closet,https://www.synnovatia.com/business-coaching-trigger-business-growth-come-out-of-closet/,Growth & Scaling,Mindset & Resilience,medium
3371,4 Ways Workplace Giving/Volunteering Can Drive Employee Engagement,https://www.synnovatia.com/business-coaching-4-ways-workplace-giving-volunteering-can-drive-employee-engagement/,People & Partnerships,,high
3372,How to Shape Sales to Spark Business Growth,https://www.synnovatia.com/business-coaching-are-you-selling-in-a-way-that-sparks-business-growth/,Sales & Marketing,,high
3373,5 Consequences to Business Growth When Performance Dives,https://www.synnovatia.com/business-coaching-5-consequences-to-business-growth-when-performance-dives/,Growth & Scaling,,high
3374,Gratitude’s 10 Proven Results on Business Growth,https://www.synnovatia.com/business-coaching-gratitudes-10-proven-results-on-business-growth/,Mindset & Resilience,Growth & Scaling,medium
3375,Can Technology Improve HR Results and Impact The Bottom Line?,https://www.synnovatia.com/business-coaching-can-technology-improve-hr-results-and-impact-the-bottom-line/,People & Partnerships,,high
3376,5 Employment Laws All Small Businesses Should Know,https://www.synnovatia.com/business-coaching-5-employment-laws-all-small-businesses-should-know/,People & Partnerships,,high
3378,Advice for Small Business Owners: Give Your Brain a Break!,https://www.synnovatia.com/business-coaching-advice-for-small-business-owner-give-your-brain-a-break/,Mindset & Resilience,,high
3379,How Using HR WebForms Can Save Your Small Business Time and Money,https://www.synnovatia.com/business-coaching-how-using-hr-webforms-can-save-your-small-business-time-and-money/,People & Partnerships,,high
3380,5 Ways Technology Drives Small Business Growth,https://www.synnovatia.com/business-coaching-5-ways-technology-drives-small-business-growth/,Growth & Scaling,,high
3381,A Small Business Owner’s Unexpected Guide to Time & Goals,https://www.synnovatia.com/business-coaching-small-business-owner-guide-time-goals/,Strategy & Planning,,medium
3382,Are Today’s Small Businesses Stuck with Employees Who Have Yesterday’s Skills?,https://www.synnovatia.com/business-coaching-are-todays-small-businesses-stuck-with-employees-who-have-yesterdays-skills/,People & Partnerships,,high
3383,4 Unorthodox Tools to Energize Your Business Growth,https://www.synnovatia.com/business-coaching-tools-for-business-growth/,Growth & Scaling,,medium
3384,Beware! 13 of the Best Lies Told by Job Candidates,https://www.synnovatia.com/business-coaching-beware-13-of-the-best-lies-told-by-job-candidates/,People & Partnerships,,high
3385,How My 10 Year-Old Nephew Became My Business Coach,https://www.synnovatia.com/business-coaching-how-my-10-year-old-nephew-became-my-business-coach/,Ownership & Entrepreneurship,Mindset & Resilience,low
3386,How to Kill a Deal with a Potential Business Partner,https://www.synnovatia.com/business-coaching-art-of-deal-with-business-partners/,People & Partnerships,,high
3387,5 HR Solutions for Recognizing Employees That Won’t Break The Bank,https://www.synnovatia.com/business-coaching-5-hr-solutions-for-recognizing-employees-that-won-t-break-the-bank/,People & Partnerships,,high
3388,Connect Your Way to Business Growth Through Social Media,https://www.synnovatia.com/business-coaching-connect-your-way-to-business-growth-through-social-media/,Sales & Marketing,,high
3389,Want to Reduce High Employee Turnover in Your Small Business?,https://www.synnovatia.com/business-coaching-want-to-reduce-high-employee-turnover-in-your-small-business/,People & Partnerships,,high
3391,Lifelong Learning: An Essential Ingredient for Entrepreneurs Eyeing Business Growth,https://www.synnovatia.com/business-coaching-lifelong-learning-an-essential-ingredient-for-entrepreneurs-eyeing-business-growth/,Growth & Scaling,Mindset & Resilience,medium
3392,The Only Key to Success That Entrepreneurs Need,https://www.synnovatia.com/business-coaching-the-only-key-to-success-that-entrepreneurs-need/,Ownership & Entrepreneurship,,medium
3393,Hiring Your First Employee – What You Don’t Know CAN Hurt Your Business,https://www.synnovatia.com/business-coaching-hiring-your-first-employee-what-you-dont-know-can-hurt-your-business/,People & Partnerships,,high
3394,Entrepreneur Fumbles National Relaxation Day! What To Do Now?,https://www.synnovatia.com/business-coaching-entrepreneur-fumbles-national-relaxation-day-what-to-do-now/,Mindset & Resilience,,medium
3395,Exit Interviews: Useful or Waste of Time for Small Business Owners?,https://www.synnovatia.com/business-coaching-exit-interviews-useful-or-waste-of-time-for-small-business-owners/,People & Partnerships,,high
3397,4 Ways to Inspire Employee Engagement and Boost Employee Retention,https://www.synnovatia.com/business-coaching-4-ways-to-inspire-employee-engagement-and-boost-employee-retention/,People & Partnerships,,high
3398,Low-cost Ideas of Appreciation for Referrals Leads to Business Growth,https://www.synnovatia.com/business-coaching-low-cost-ideas-of-appreciation-for-referrals-leading-to-business-growth/,Sales & Marketing,Growth & Scaling,medium
3399,How Building a Brand Like Starbucks Sparks Business Growth,https://www.synnovatia.com/business-coaching-how-building-a-brand-like-starbucks-sparks-business-growth/,Sales & Marketing,,high
3400,A Solution to the Small Business Health Insurance Conundrum,https://www.synnovatia.com/business-coaching-a-solution-to-the-small-business-health-insurance-conundrum/,People & Partnerships,,high
3401,Small Business Blogging: How to Get Business Results,https://www.synnovatia.com/business-coaching-small-business-blogging-how-to-get-results-for-your-business/,Sales & Marketing,,high
3402,A Guide to a Small Business Owners Guilt-Free Living,https://www.synnovatia.com/business-coaching-a-guide-to-a-small-business-owners-guilt-free-living/,Mindset & Resilience,,high
3403,10 Things Your Competitors Teach You About Employee Relations,https://www.synnovatia.com/business-coaching-10-things-your-competitors-teach-you-about-employee-relations/,People & Partnerships,,high
3404,In a Fog? How Business Coaching Brings Clarity to Your Business,https://www.synnovatia.com/business-coaching-in-a-fog-how-business-coaching-brings-clarity-to-your-business/,Mindset & Resilience,Ownership & Entrepreneurship,medium
3405,8 Proven Ways to Get Past Resenting Your Small Business,https://www.synnovatia.com/business-coaching-8-proven-ways-to-get-past-resenting-your-small-business/,Mindset & Resilience,,high
3406,Stay Abreast of Small Business Blogging Trends to Cultivate More Readers,https://www.synnovatia.com/business-coaching-stay-abreast-of-small-business-blogging-trends-to-cultivate-more-readers/,Sales & Marketing,,high
3407,8 Employee Recruitment Myths Preventing You From Finding the Best,https://www.synnovatia.com/business-coaching-8-employee-recruitment-myths-preventing-you-from-finding-the-best/,People & Partnerships,,high
3408,Three Secrets to Small Business Growth (Infographic),https://www.synnovatia.com/business-coaching-three-secrets-to-small-business-growth-infographic/,Growth & Scaling,,medium
3409,Erase the Fears Holding Your Small Business Blog Captive,https://www.synnovatia.com/business-coaching-erase-the-fears-holding-your-small-business-blog-captive/,Sales & Marketing,Mindset & Resilience,medium
3410,Entrepreneurs: Learn to #LiveYourGoals Like the US Women’s Soccer Team,https://www.synnovatia.com/business-coaching-entrepreneurs-learn-to-liveyourgoals-like-the-us-womens-soccer-team/,Mindset & Resilience,,medium
3411,Confession from a Strategic Business Coach on Hidden Goals,https://www.synnovatia.com/business-coaching-confession-from-a-strategic-business-coach-on-hidden-goals/,Strategy & Planning,,medium
3412,A 2-Minute Guide to the ObamaCare Supreme Court Ruling,https://www.synnovatia.com/business-coaching-a-2-minute-guide-to-the-obamacare-supreme-court-ruling/,People & Partnerships,,low
3414,4 Common Small Business Mistakes That Lead to Employee Lawsuits,https://www.synnovatia.com/business-coaching-4-common-small-business-mistakes-that-lead-to-employee-lawsuits/,People & Partnerships,,high
3415,"If the Shoe Fits, Wear It: How to Evaluate Small Business Health Benefits",https://www.synnovatia.com/business-coaching-evaluate-small-business-health-benefits/,People & Partnerships,,high
3416,The Business Skills Needed to Create a Million-Dollar Solo Business,https://www.synnovatia.com/business-coaching-the-business-skills-needed-to-create-a-million-dollar-solo-business/,Ownership & Entrepreneurship,Growth & Scaling,medium
3417,How to Tap Into the Talents of Baby Boomers in Your Small Business,https://www.synnovatia.com/business-coaching-how-to-tap-into-the-talents-of-baby-boomers-in-your-small-business/,People & Partnerships,,high
3418,Gain the Edge for Your Small Business Blog with an Editorial Calendar,https://www.synnovatia.com/business-coaching-gain-the-strategic-edge-for-marketing-your-small-business-blog-with-an-editorial-calendar/,Sales & Marketing,,high
3419,How to Evaluate if It’s Time to Offer Health Benefits,https://www.synnovatia.com/business-coaching-how-to-evaluate-if-its-time-to-offer-health-benefits/,People & Partnerships,,high
3420,Ignoring Your Product/Service Lifecycle Is Costing You Clients,https://www.synnovatia.com/business-coaching-ignoring-your-product-service-lifecycle-is-costing-you-clients/,Sales & Marketing,Strategy & Planning,medium
3421,5 Steps to Avoid the High Cost of Employee Turnover,https://www.synnovatia.com/business-coaching-5-steps-to-avoid-the-high-cost-of-employee-turnover/,People & Partnerships,,high
3422,The 7 Elements of an Effective Blogging Strategy,https://www.synnovatia.com/business-coaching-the-7-elements-of-an-effective-blogging-strategy/,Sales & Marketing,,high
3423,What Benefits Do Employees Really Want?,https://www.synnovatia.com/business-coaching-what-benefits-do-employees-really-want/,People & Partnerships,,high
3424,Inside the Mind of an Entrepreneur,https://www.synnovatia.com/business-coaching-inside-the-mind-of-an-entrepreneur/,Ownership & Entrepreneurship,,high
3425,5 Stages of the Human Resources Life Cycle in Need of Improvement,https://www.synnovatia.com/business-coaching-5-stages-of-the-human-resources-life-cycle-in-need-of-improvement/,People & Partnerships,,high
3426,Bridging the Expectation-Reality Gap to Eradicate Overwhelm at Work,https://www.synnovatia.com/business-coaching-bridging-the-expectation-reality-gap-to-eradicate-overwhelm-at-work/,Mindset & Resilience,,high
3427,The More Valuable Alternative to a Failed Work-Life Balance Theory,https://www.synnovatia.com/business-coaching-the-more-valuable-alternative-to-a-failed-work-life-balance-theory/,Mindset & Resilience,,high
3428,Amping Up Your Employees’ Productivity in 3 Quick Steps,https://www.synnovatia.com/business-coaching-amping-up-your-employees-productivity-in-3-quick-steps/,People & Partnerships,Growth & Scaling,medium
3429,5 Ways Small Businesses Can Boost Employee Morale,https://www.synnovatia.com/business-coaching-5-ways-small-businesses-can-boost-employee-morale/,People & Partnerships,,high
3430,How To Stay Sharp When You’re Sleep Deprived,https://www.synnovatia.com/business-coaching-how-to-stay-sharp-when-youre-sleep-deprived/,Mindset & Resilience,,high
3431,What One Thing Small Business Entrepreneurs Need To Succeed,https://www.synnovatia.com/business-coaching-what-one-thing-small-business-entrepreneurs-need-to-succeed/,Strategy & Planning,Mindset & Resilience,medium
3432,5 Life Hacks for Savvy Small Business Owners,https://www.synnovatia.com/business-coaching-5-life-hacks-for-savvy-small-business-owners/,Strategy & Planning,,medium
3433,5 Human Resource Management Mistakes Small Businesses Make,https://www.synnovatia.com/business-coaching-5-human-resource-management-mistakes-small-businesses-make/,People & Partnerships,,high
3434,It’s Easy Being Green…,https://www.synnovatia.com/business-coaching-its-easy-being-green/,Ownership & Entrepreneurship,,low
3436,The Small Business Owner’s Guide to P&L’s,https://www.synnovatia.com/business-coaching-the-small-business-owners-guide-to-pls/,Strategy & Planning,,high
3437,What Does Client Acquisition Have in Common With Vegetable Gardening?,https://www.synnovatia.com/business-coaching-what-does-client-acquisition-have-in-common-with-vegetable-gardening/,Sales & Marketing,,high
3438,Strike a Pose: The Super-Hero Pose for Greater Power in Your Business,https://www.synnovatia.com/business-coaching-strike-a-pose-the-super-hero-pose-for-greater-power-in-your-business/,Mindset & Resilience,,medium
3439,5 Game Changing Tips for Women Entrepreneurs in 2015,https://www.synnovatia.com/business-coaching-5-game-changing-tips-for-women-entrepreneurs-in-2015/,Ownership & Entrepreneurship,,medium
3440,Let’s Celebrate Women Who Influence Our Small Business Achievements,https://www.synnovatia.com/business-coaching-celebrate-women-who-influence-small-business-achievements/,Ownership & Entrepreneurship,,low
3441,How Entrepreneurs Get Results From Strategic Business Coaching,https://www.synnovatia.com/business-coaching-entrepreneurs-get-results-strategic-business-coaching/,Ownership & Entrepreneurship,,medium
3443,4 Tips to Erase the Self-Sabotage Holding Back Your Small Business,https://www.synnovatia.com/business-coaching-4-tips-to-erase-the-self-sabotage-holding-back-your-small-business/,Mindset & Resilience,Growth & Scaling,medium
3444,10 Tricky Ways You Might Self-Sabotage Your Small Business Growth,https://www.synnovatia.com/business-coaching-10-tricky-ways-you-might-self-sabotage-your-small-business-growth/,Mindset & Resilience,Growth & Scaling,medium
3445,The Evolving Trends in Strategic Business Coaching for Small Business,https://www.synnovatia.com/business-coaching-the-evolving-trends-in-strategic-business-coaching-for-small-business/,Ownership & Entrepreneurship,,medium
3446,What to Do After You Hit Publish” on Your Small Business Blog”,https://www.synnovatia.com/business-coaching-what-to-do-after-you-hit-publish-on-your-small-business-blog/,Sales & Marketing,,high
3447,6 Employee Retention Strategies to Reduce Small Businesses Turnover,https://www.synnovatia.com/business-coaching-6-employee-retention-strategies-to-reduce-small-businesses-turnover/,People & Partnerships,,high
3448,Play Nice With Your Small Business Network to Net New Clients,https://www.synnovatia.com/business-coaching-play-nice-with-your-small-business-network-to-net-new-clients/,People & Partnerships,Sales & Marketing,medium
3449,Busy or Productive: Why Words Matter to Entrepreneurs,https://www.synnovatia.com/business-coaching-busy-or-productive-why-words-matter-to-entrepreneurs/,Strategy & Planning,Mindset & Resilience,medium
3450,Can Telecommuting Work for Your Small Business?,https://www.synnovatia.com/business-coaching-can-telecommuting-work-for-your-small-business/,People & Partnerships,,high
3451,What Entrepreneurs Need and Want Most: Besides More Time with Family,https://www.synnovatia.com/business-coaching-what-entrepreneurs-need-and-want-most-besides-more-time-with-family/,Mindset & Resilience,,medium
3452,Want Results? What Every Small Business Gains From Business Coaching,https://www.synnovatia.com/business-coaching-want-results-what-every-small-business-gains-from-business-coaching/,Ownership & Entrepreneurship,,medium
3453,Interview Tips Every Small Business Owner Should Know to Find the Best Fit,https://www.synnovatia.com/business-coaching-interview-tips-every-small-business-owner-should-know-to-find-the-best-fit/,People & Partnerships,,high
3454,“Innie” or “Outie”: Why Knowing Matters To Your Small Business,https://www.synnovatia.com/business-coaching-innie-or-outie-why-knowing-matters-to-your-small-business/,Ownership & Entrepreneurship,,low
3455,I Run a Small Business #LikeAGirl & Achieve Because of It,https://www.synnovatia.com/business-coaching-i-run-a-small-business-likeagirl-and-achieve-in-spite-of-it/,Ownership & Entrepreneurship,,medium
3456,How Blogging for Your Small Business Drives Traffic to Your Website,https://www.synnovatia.com/business-coaching-how-blogging-for-your-small-business-drives-traffic-to-your-website/,Sales & Marketing,,high
3457,Use a Little “Pull” to Acquire New Clients for Your Small Business,https://www.synnovatia.com/business-coaching-use-a-little-pull-to-acquire-new-clients-for-your-small-business/,Sales & Marketing,,high
3458,Coaching for Small Business? You Can’t Be Serious!,https://www.synnovatia.com/business-coaching-coaching-for-small-business-you-cant-be-serious/,Ownership & Entrepreneurship,,medium
3459,Why Your Small Business Needs a Social Media Policy,https://www.synnovatia.com/business-coaching-why-your-small-business-needs-a-social-media-policy-for-your-employees/,People & Partnerships,Sales & Marketing,medium
3460,4 Simple Guidelines For The Best Social Connections For Your Business,https://www.synnovatia.com/business-coaching-4-simple-guidelines-for-the-best-social-connections-for-your-business/,Sales & Marketing,,high
3461,Winning! What It’s Like to Be the Business Blog to Watch in 2015,https://www.synnovatia.com/business-coaching-business-blog-to-watch-in-2015/,Sales & Marketing,,medium
3462,A Simple Tip to Avoid Leaving Out What Matters in Your (Business) Life,https://www.synnovatia.com/business-coaching-a-simple-tip-to-avoid-leaving-out-what-matters-in-your-business-life/,Strategy & Planning,Mindset & Resilience,medium
3463,Small Business In Need of More Clients? Do What This Guy Did.,https://www.synnovatia.com/business-coaching-want-more-clients-for-your-small-business/,Sales & Marketing,,medium
3465,Is Resistance Slowing Your Small Business Success?,https://www.synnovatia.com/business-coaching-is-resistance-slowing-your-small-business-success/,Mindset & Resilience,,high
3466,Entrepreneurship…Is Small Business Ownership For You?,https://www.synnovatia.com/business-coaching-entrepreneurship-is-small-business-ownership-for-you/,Ownership & Entrepreneurship,,high
3467,7 Human Resources Trends Your Small Business Needs to Know,https://www.synnovatia.com/business-coaching-7-human-resources-trends-your-small-business-needs-to-know/,People & Partnerships,,high
3468,Never Too Late: Your Roadmap To Small Business Blogging Success,https://www.synnovatia.com/business-coaching-roadmap-to-small-business-blogging-success/,Sales & Marketing,,high
3469,Linkedin Behavior: What It Says About You and Your Business,https://www.synnovatia.com/business-coaching-linkedin-behavior-what-it-says-about-your-business/,Sales & Marketing,,medium
3470,Everything (Entrepreneurship) Is Hard…At First,https://www.synnovatia.com/business-coaching-entrepreneurship-is-hard-at-first/,Mindset & Resilience,Ownership & Entrepreneurship,medium
3471,Can a Process Solve Your Small Business’s Biggest Blogging Challenge?,https://www.synnovatia.com/business-coaching-process-solve-your-small-businesss-biggest-blogging-challenges/,Sales & Marketing,,high
3473,Tools to Stay on Top of the Latest Small Business Tips & Trends,https://www.synnovatia.com/business-coaching-tools-to-stay-on-top-of-the-latest-small-business-tips-trends/,Strategy & Planning,,low
3474,You Have to Move it to Make it in Your Small Business,https://www.synnovatia.com/business-coaching-move-it-to-make-it-in-your-small-business/,Mindset & Resilience,,medium
3475,"No Matter How Automated, Your Small Business Needs a Goal to Grow",https://www.synnovatia.com/business-coaching-small-business-needs-a-goal-to-grow/,Strategy & Planning,Growth & Scaling,medium
3476,The Dwelling Impact of Indecision on Small Business Growth,https://www.synnovatia.com/business-coaching-the-dwelling-impact-of-indecision-on-small-business-growth/,Mindset & Resilience,Growth & Scaling,medium
3477,Why Every Small Business Needs to Schedule Business Development Time,https://www.synnovatia.com/business-coaching-why-every-small-business-needs-to-schedule-business-development-time/,Strategy & Planning,,high
3478,A Small Business Bloggers Loyal Blogging Companions,https://www.synnovatia.com/business-coaching-small-business-bloggers-loyal-blogging-companions/,Sales & Marketing,,medium
3479,How to Create 50 Blog Topics For Your Small Business Blog in 5 Days,https://www.synnovatia.com/business-coaching-how-to-create-50-blog-topics-for-your-small-business-blog-in-5-days/,Sales & Marketing,,high
3480,Why We Love Small Business Blogging…And You Should Too!,https://www.synnovatia.com/business-coaching-why-we-love-small-business-blogging/,Sales & Marketing,,medium
3481,Can Finding Your Market Tier Spark Your Small Business Growth?,https://www.synnovatia.com/business-coaching-finding-market-tier-spark-small-business-growth/,Sales & Marketing,Growth & Scaling,medium
3482,Buyer Persona: The Ultimate Tool for Small Business Success in a Crowded Market,https://www.synnovatia.com/business-coaching-buyer-persona-tool-for-small-business-success-in-a-crowded-market/,Sales & Marketing,,high
3483,10 Fun Ways to Repurpose Blog Content to Grow Your Small Business,https://www.synnovatia.com/business-coaching-10-ways-to-repurpose-blog-content-to-grow-your-small-business/,Sales & Marketing,,high
3484,How to Track Your Small Business Blogging Success,https://www.synnovatia.com/business-coaching-how-to-track-your-small-business-blogging-success/,Sales & Marketing,,high
3485,The 10 Pieces Missing From Your Small Business Growth Plan,https://www.synnovatia.com/business-coaching-10-pieces-missing-small-business-growth-plan/,Growth & Scaling,Strategy & Planning,high
3486,2015: The Year to Help A Small Business Grow #HASBG,https://www.synnovatia.com/business-coaching-2015-help-a-small-business-grow/,Growth & Scaling,,medium
3487,7 Trends That Impact Small Business Growth in 2015,https://www.synnovatia.com/business-coaching-7-trends-that-impact-small-business-growth-in-2015/,Growth & Scaling,,medium
3488,Want to Grow Your Business? Join The 30-Day Blogging Challenge!,https://www.synnovatia.com/business-coaching-grow-your-business-30-day-blogging-challenge/,Sales & Marketing,,medium
3489,The Small Business Owners Top Ten Blog Posts for 2014,https://www.synnovatia.com/business-coaching-small-business-owners-top-blog-posts-2014/,Sales & Marketing,,low
3490,"Want More Revenue, Profits, & Freedom? Start With a Year End Business Assessment",https://www.synnovatia.com/business-coaching-year-end-business-assessment-more-revenue-profits-freedom/,Strategy & Planning,,high
3491,Calm Your Entrepreneurial Chaos With These Four Easy Steps,https://www.synnovatia.com/business-coaching-calm-entrepreneurial-chaos/,Mindset & Resilience,Strategy & Planning,medium
3492,Does Your Small Business Suffer From E.O.?,https://www.synnovatia.com/business-coaching-overwhelmed-entrepreneur/,Mindset & Resilience,,high
3493,The Dilemma: Striking a Client Acquisition – Retention Balance,https://www.synnovatia.com/business-coaching-client-acquisition-retention-balance/,Sales & Marketing,,high
3494,10 Situations to Hire a Business Coach,https://www.synnovatia.com/business-coaching-10-situations-to-hire-a-business-coach/,Ownership & Entrepreneurship,,medium
3495,How Entrepreneurs Reinvent Their To-Do List For Better Performance,https://www.synnovatia.com/business-coaching-entrepreneurs-reinvent-to-do-list/,Strategy & Planning,,medium
3496,10 Unusual Sources of Content Ideas For Your Small Business Blog,https://www.synnovatia.com/business-coaching-bid-185508-10-unusual-sources-of-content-ideas-for-your-small-business-blog/,Sales & Marketing,,high
3497,Understanding the Evolving Needs of Your Small Business Clients,https://www.synnovatia.com/business-coaching-bid-185507-understanding-the-evolving-needs-of-your-small-business-clients/,Sales & Marketing,,medium
3498,How to Prepare Your Small Business in the Event of a Personal Crisis,https://www.synnovatia.com/business-coaching-bid-185499-how-to-prepare-your-small-business-in-the-event-of-a-personal-crisis/,Strategy & Planning,Mindset & Resilience,medium
3499,Small Business Lessons From the Switchbacks of Los Angeles,https://www.synnovatia.com/business-coaching-bid-185450-small-business-lessons-from-the-switchbacks-of-los-angeles/,Mindset & Resilience,,low
3500,Stuck On The Wrong Track? How to Make The Switch To The Right Track,https://www.synnovatia.com/business-coaching-bid-185386-stuck-on-the-wrong-track-how-to-make-the-switch-to-the-right-track/,Strategy & Planning,Ownership & Entrepreneurship,medium
3501,Bulging at the Seams: How to Spot Signs You’re Outgrowing Your Skills (2 minute read),https://www.synnovatia.com/business-coaching-bid-185385-bulging-at-the-seams-how-to-spot-signs-you-re-outgrowing-your-skills-2-minute-read/,Growth & Scaling,Ownership & Entrepreneurship,medium
3502,Small Business Owner: You Have to Value Your Assets Before Other’s Will,https://www.synnovatia.com/business-coaching-bid-185361-small-business-owner-you-have-to-value-your-assets-before-other-s-will/,Mindset & Resilience,Ownership & Entrepreneurship,medium
3503,Why Entrepreneurs Struggle to Achieve Work-Life Balance,https://www.synnovatia.com/business-coaching-bid-185297-why-entrepreneurs-struggle-to-achieve-work-life-balance/,Mindset & Resilience,,high
3504,5 Unexplored Ways Your Small Business Loses Money,https://www.synnovatia.com/business-coaching-bid-185237-5-unexplored-ways-your-small-business-loses-money/,Strategy & Planning,,medium
3505,The #1 Reason You Don’t Have Time To Do The Things You Want,https://www.synnovatia.com/business-coaching-bid-185198-the-1-reason-you-don-t-have-time-to-do-the-things-you-want/,Mindset & Resilience,Strategy & Planning,medium
3506,So Much To Do! Is Work-Life Balance for Entrepreneurs a Possibility or a Pipe Dream?,https://www.synnovatia.com/business-coaching-bid-185156-so-much-to-do-is-work-life-balance-for-entrepreneurs-a-possibility-or-a-pipe-dream/,Mindset & Resilience,,high
3507,Say My Name! What You Need to Know When Naming Your Business,https://www.synnovatia.com/business-coaching-bid-184928-say-my-name-what-you-need-to-know-when-naming-your-business/,Sales & Marketing,Strategy & Planning,medium
3508,10 Things You’ll Likely Never Say Once You Become A Strategic Thinker,https://www.synnovatia.com/business-coaching-bid-184900-10-things-you-ll-likely-never-say-once-you-become-a-strategic-thinker/,Strategy & Planning,,high
3510,Help! I Need an Expert! What Your Small Business Needs to Grow (Part 2),https://www.synnovatia.com/business-coaching-bid-184064-help-i-need-an-expert-what-your-small-business-needs-to-grow-part-2/,People & Partnerships,Growth & Scaling,medium
3512,Help! I Need an Expert! What Your Small Business Needs to Grow (Part 1),https://www.synnovatia.com/business-coaching-bid-183862-help-i-need-an-expert-what-your-small-business-needs-to-grow-part-1/,People & Partnerships,Growth & Scaling,medium
3513,6 Ways Small Business Entrepreneurs Keep Their Batteries Continually Charged,https://www.synnovatia.com/business-coaching-bid-183598-6-ways-small-business-entrepreneurs-keep-their-batteries-continually-charged/,Mindset & Resilience,,high
3514,3 Tips to Prevent “UnSelling” Your Potential Buyers,https://www.synnovatia.com/business-coaching-bid-183465-3-tips-to-prevent-unselling-your-potential-buyers/,Sales & Marketing,,high
3516,Hiring Great People: 4 Questions You Need to Answer During the Interview (Guest Post),https://www.synnovatia.com/business-coaching-bid-183421-hiring-great-people-4-questions-you-need-to-answer-during-the-interview-guest-post/,People & Partnerships,,high
3517,How to Break the Log Jam Slowing Your Small Business Velocity,https://www.synnovatia.com/business-coaching-bid-183334-how-to-break-the-log-jam-slowing-your-small-business-velocity/,Growth & Scaling,,medium
3518,How Being “Old School” Helps Your Small Business Succeed,https://www.synnovatia.com/business-coaching-bid-183307-how-being-old-school-helps-your-small-business-succeed/,Strategy & Planning,,low
3519,What Every Small Business Owner Needs to Stand Out in a Crowd,https://www.synnovatia.com/business-coaching-bid-183281-what-every-small-business-owner-needs-to-stand-out-in-a-crowd/,Sales & Marketing,,high
3520,What Every Small Business Owner Needs to Know to Succeed at Selling,https://www.synnovatia.com/business-coaching-bid-183187-what-every-small-business-owner-needs-to-know-to-succeed-at-selling/,Sales & Marketing,,high
3521,Dealing with Difficult Clients: The Only Strategy You Need,https://www.synnovatia.com/business-coaching-bid-183165-dealing-with-difficult-clients-the-only-strategy-you-need/,Sales & Marketing,People & Partnerships,medium
3522,Warning: Do you know the real cost of employee turnover? (Guest Post),https://www.synnovatia.com/business-coaching-bid-183131-warning-do-you-know-the-real-cost-of-employee-turnover-guest-post/,People & Partnerships,,high
3523,Small Business Growth Strategy: What’s Your “Secret Recipe?”,https://www.synnovatia.com/business-coaching-bid-183019-small-business-growth-strategy-what-s-your-secret-recipe/,Sales & Marketing,Growth & Scaling,medium
3524,Accelerate Performance: Call a Small Business Time Out,https://www.synnovatia.com/business-coaching-bid-182954-know-when-to-call-time-out-in-your-small-business-to-accelerate-performance/,Strategy & Planning,Mindset & Resilience,medium
3525,What’s Your Small Business “App”titude?,https://www.synnovatia.com/business-coaching-bid-182922-what-s-your-small-business-app-titude/,Strategy & Planning,,low
3526,When You Hate” Working On Weekends…”,https://www.synnovatia.com/business-coaching-bid-182810-when-you-hate-working-on-weekends/,Mindset & Resilience,,high
3527,7 Points to Consider Before Scaling Your Small Business,https://www.synnovatia.com/business-coaching-bid-182814-7-points-to-consider-before-scaling-your-small-business/,Growth & Scaling,,high
3528,Do You Need Time Theft Protection” for Your Small Business?”,https://www.synnovatia.com/business-coaching-bid-182794-do-you-need-time-theft-protection-for-your-small-business/,People & Partnerships,,medium
3529,Undeniable Proof That Strategic Business Coaching Produces Results,https://www.synnovatia.com/business-coaching-bid-182724-undeniable-proof-that-strategic-business-coaching-produces-results/,Ownership & Entrepreneurship,,medium
3530,Practicality Rules When Making Smart Business Decisions (2 Minute Read),https://www.synnovatia.com/business-coaching-bid-182687-practicality-rules-when-making-smart-business-decisions-2-minute-read/,Strategy & Planning,,high
3531,One Simple Solution to Radically Improve Your Business Performance (In Under 250 Words),https://www.synnovatia.com/business-coaching-bid-182660-one-simple-solution-to-radically-improve-your-business-performance-in-under-250-words/,Mindset & Resilience,Strategy & Planning,medium
3534,Metrics: The MapQuest of Business Success,https://www.synnovatia.com/business-coaching-bid-182355-metrics-the-mapquest-of-business-success/,Strategy & Planning,,high
3535,What Ma” Taught Me About Overcoming Small Business Overwhelm”,https://www.synnovatia.com/business-coaching-bid-182209-what-ma-taught-me-about-overcoming-small-business-overwhelm/,Mindset & Resilience,,high
3536,6 Strategic Questions Smart Business Owners Ask Before Using Precious Resources,https://www.synnovatia.com/business-coaching-bid-181307-6-strategic-questions-smart-business-owners-ask-before-using-precious-resources/,Strategy & Planning,,high
3537,How Happiness Helps Your Small Business Succeed,https://www.synnovatia.com/business-coaching-bid-170044-how-happiness-helps-your-small-business-succeed/,Mindset & Resilience,,high
3538,Is Happiness the Key to Your Small Business Success?,https://www.synnovatia.com/business-coaching-bid-169253-is-happiness-the-key-to-your-small-business-success/,Mindset & Resilience,,high
3539,The Remedy for a Small Business Slowdown,https://www.synnovatia.com/business-coaching-bid-167162-the-remedy-for-a-small-business-slowdown/,Growth & Scaling,,medium
3540,How To Make a Strong Comeback From a Small Business Setback,https://www.synnovatia.com/business-coaching-bid-166448-how-to-make-a-strong-comeback-from-a-small-business-setback/,Mindset & Resilience,Growth & Scaling,medium
3541,5 Techniques That Increase Bandwidth For The Overwhelmed Entrepreneur,https://www.synnovatia.com/business-coaching-bid-165645-5-techniques-that-increase-bandwidth-for-the-overwhelmed-entrepreneur/,Mindset & Resilience,,high
3542,7 Ingredients Your Small Business Growth Plan Needs To Succeed,https://www.synnovatia.com/business-coaching-bid-164728-7-ingredients-your-small-business-growth-plan-needs-to-succeed/,Growth & Scaling,Strategy & Planning,high
3543,Is Your Small Business Built to Accelerate?,https://www.synnovatia.com/business-coaching-bid-164220-is-your-small-business-built-to-accelerate/,Growth & Scaling,,high
3544,7 Tips Small Business Owners Use to Avoid “Egg On Their Face”,https://www.synnovatia.com/business-coaching-bid-161976-7-tips-small-business-owners-use-to-avoid-egg-on-their-face/,Mindset & Resilience,,low
3545,Navigating the “New Normal” for Small Business,https://www.synnovatia.com/business-coaching-bid-161462-navigating-the-new-normal-for-small-business/,Growth & Scaling,Mindset & Resilience,medium
3546,What the Farmers Almanac Can Teach Small Business About High-Yield Returns,https://www.synnovatia.com/business-coaching-bid-160801-what-the-farmers-almanac-can-teach-small-business-about-high-yield-returns/,Strategy & Planning,,low
3547,Want to Trigger a Business Growth Spurt? Here’s What You Need to Know,https://www.synnovatia.com/business-coaching-bid-159995-want-to-trigger-a-business-growth-spurt-here-s-what-you-need-to-know/,Growth & Scaling,,high
3548,Ignoring Early Warning Signs Spells Trouble For Small Business,https://www.synnovatia.com/business-coaching-bid-159146-ignoring-early-warning-signs-spells-trouble-for-small-business/,Strategy & Planning,Growth & Scaling,medium
3549,5 Things Your Small Business Can Improve Today to Spark Growth,https://www.synnovatia.com/business-coaching-bid-158423-5-things-your-small-business-can-improve-today-to-spark-growth/,Growth & Scaling,,medium
3550,5 Questions Every Service Provider Should be Asking YOU,https://www.synnovatia.com/business-coaching-bid-158101-5-questions-every-service-provider-should-be-asking-you/,People & Partnerships,,medium
3551,Why You Need to Grow Your Small Business with Strategic Service Providers,https://www.synnovatia.com/business-coaching-bid-158064-why-you-need-to-grow-your-small-business-with-strategic-service-providers/,People & Partnerships,Growth & Scaling,medium
3552,You’ve Got Options! Strategies to Grow Your Small Business,https://www.synnovatia.com/business-coaching-bid-158026-you-ve-got-options-strategies-to-grow-your-small-business/,Growth & Scaling,,high
3553,Are Service Providers Slowing Your Business Growth? The Warning Signs You Need to Know!,https://www.synnovatia.com/business-coaching-bid-157980-are-service-providers-slowing-your-business-growth-the-warning-signs-you-need-to-know/,People & Partnerships,Growth & Scaling,medium
3554,Small Business Growth: The Best Advice You’ll Ever Hear,https://www.synnovatia.com/business-coaching-bid-157922-small-business-growth-the-best-advice-you-ll-ever-hear/,Growth & Scaling,,high
3555,Business Growth Beyond Survival: Why You Can’t Stand Still,https://www.synnovatia.com/business-coaching-bid-157872-business-growth-beyond-survival-why-you-can-t-stand-still/,Growth & Scaling,,high
3556,Debunking the Myths of Small Business Growth,https://www.synnovatia.com/business-coaching-bid-157849-debunking-the-myths-of-small-business-growth/,Growth & Scaling,,high
3557,Why Your Small Business Needs a Growth Advisor,https://www.synnovatia.com/business-coaching-bid-157791-why-your-small-business-needs-a-growth-advisor/,People & Partnerships,Growth & Scaling,medium
3558,"Rocks, Pebbles, & Sand: How to Win at Business Growth",https://www.synnovatia.com/business-coaching-bid-157771-rocks-pebbles-sand-how-to-win-at-business-growth/,Strategy & Planning,Growth & Scaling,medium
3559,The Tough Decisions You Need to Make to Achieve Double Digit Growth,https://www.synnovatia.com/business-coaching-bid-157741-the-tough-decisions-you-need-to-make-to-achieve-double-digit-growth/,Growth & Scaling,,high
3560,Why You Need to Stop Focusing on Overwhelm & Start Focusing on Business Growth,https://www.synnovatia.com/business-coaching-bid-157720-why-you-need-to-stop-focusing-on-overwhelm-start-focusing-on-business-growth/,Mindset & Resilience,Growth & Scaling,medium
3561,Accelerate Your Business Growth Using This Cheat Sheet,https://www.synnovatia.com/business-coaching-bid-157688-accelerate-your-business-growth-using-this-cheat-sheet/,Growth & Scaling,,high
3562,Two Questions Every Business Owner Needs to Answer About Business Growth,https://www.synnovatia.com/business-coaching-bid-157640-two-questions-every-business-owner-needs-to-answer-about-business-growth/,Growth & Scaling,,high
3563,"Three BIG Returns From Promoting Women to Leadership (Guest Author, Margaret Jacoby of MJ Management Solutions, Inc.)",https://www.synnovatia.com/business-coaching-bid-157574-three-big-returns-from-promoting-women-to-leadership-guest-author-margaret-jacoby-of-mj-management-solutions-inc/,People & Partnerships,Ownership & Entrepreneurship,medium
3564,10 Signs You Need a Growth Strategy for Your Small Business,https://www.synnovatia.com/business-coaching-bid-157570-10-signs-you-need-a-growth-strategy-for-your-small-business/,Growth & Scaling,,high
3565,"Why We Love Small Business Growth Strategies (And You Should, Too!)",https://www.synnovatia.com/business-coaching-bid-157538-why-we-love-small-business-growth-strategies-and-you-should-too/,Growth & Scaling,,medium
3566,Business Strategy and Tom Petty: What They Have in Common,https://www.synnovatia.com/business-coaching-bid-157478-business-strategy-and-tom-petty-what-they-have-in-common/,Strategy & Planning,,medium
3567,Technical Skills Do Not a Business Make: Learning to Work On VS In Your Business,https://www.synnovatia.com/business-coaching-bid-157438-technical-skills-do-not-a-business-make-learning-to-work-on-vs-in-your-business/,Strategy & Planning,Growth & Scaling,high
3568,Why Every Small Business Needs an Inbound Marketing Strategy (In Under 350 Words),https://www.synnovatia.com/business-coaching-bid-157387-why-every-small-business-needs-an-inbound-marketing-strategy-in-under-350-words/,Sales & Marketing,,high
3569,Things Not Working? Perhaps You Need to Renegotiate – With Yourself (In Under 250 Words),https://www.synnovatia.com/business-coaching-bid-157317-things-not-working-perhaps-you-need-to-renegotiate-with-yourself-in-under-250-words/,Mindset & Resilience,,medium
3570,10 Quick Tips to Improve Your Productivity,https://www.synnovatia.com/business-coaching-bid-157290-10-quick-tips-to-improve-your-productivity/,Strategy & Planning,Mindset & Resilience,medium
3571,Don’t Discount Your Small Business Services! Delight Your Clients Instead,https://www.synnovatia.com/business-coaching-bid-157240-don-t-discount-your-small-business-services-delight-your-clients-instead/,Sales & Marketing,,high
3573,3 Tools Every Entrepreneur Needs to Make Strategic Decisions,https://www.synnovatia.com/business-coaching-bid-157159-3-tools-every-entrepreneur-needs-to-make-strategic-decisions/,Strategy & Planning,,high
3574,A Funny Thing Happened During the 30-Day Blogging Challenge…and Other Delightful Results,https://www.synnovatia.com/business-coaching-bid-157131-a-funny-thing-happened-during-the-30-day-blogging-challenge-and-other-delightful-results/,Sales & Marketing,,medium
3575,“What in the Sam Hill are the Minuses & Equals Doing in Your Business?”,https://www.synnovatia.com/business-coaching-bid-157112-what-in-the-sam-hill-are-the-minuses-equals-doing-in-your-business/,Mindset & Resilience,Strategy & Planning,low
3576,Show Some Respect for ‘Entrepreneur Barbie’ and Female Entrepreneurship!,https://www.synnovatia.com/business-coaching-bid-157078-show-some-respect-for-entrepreneur-barbie-and-female-entrepreneurship/,Ownership & Entrepreneurship,,medium
3577,How to Avoid the Trap Door of Small Business Stress,https://www.synnovatia.com/business-coaching-bid-157036-how-to-avoid-the-trap-door-of-small-business-stress/,Mindset & Resilience,,high
3578,5 Things I Love About My Small Business (In Under 200 Words),https://www.synnovatia.com/business-coaching-bid-156998-5-things-i-love-about-my-small-business-in-under-200-words/,Ownership & Entrepreneurship,,medium
3579,Do Small Business Owners Fear Success? More Than You Would Imagine!,https://www.synnovatia.com/business-coaching-bid-156972-do-small-business-owners-fear-success-more-than-you-would-imagine/,Mindset & Resilience,,high
3581,7 Things the Pros Want Entrepreneurs to Know About Juggling,https://www.synnovatia.com/business-coaching-bid-156844-7-things-the-pros-want-entrepreneurs-to-know-about-juggling/,Mindset & Resilience,Strategy & Planning,medium
3582,Solving the Age-Old Chicken or Egg” Problem for Small Business Owners”,https://www.synnovatia.com/business-coaching-bid-156786-solving-the-age-old-chicken-or-egg-problem-for-small-business-owners/,Strategy & Planning,,low
3583,How to Pivot and Resolve Lackluster Results in Your Business,https://www.synnovatia.com/business-coaching-bid-156757-how-to-pivot-and-resolve-lackluster-results-in-your-business/,Strategy & Planning,Growth & Scaling,medium
3584,How to Ensure the Achievement of Your Small Business Goals (In Under 150 Words),https://www.synnovatia.com/business-coaching-bid-156708-how-to-ensure-the-achievement-of-your-small-business-goals-in-under-150-words/,Strategy & Planning,,high
3585,What Your Calendar Says About Your Priorities (And the Probability of Achieving Your Small Business Goals),https://www.synnovatia.com/business-coaching-bid-156677-what-your-calendar-says-about-your-priorities-and-the-probability-of-achieving-your-small-business-goals/,Strategy & Planning,,high
3586,Who is the 12th Man” for Your Small Business? (In Under 150 Words)”,https://www.synnovatia.com/business-coaching-bid-156647-who-is-the-12th-man-for-your-small-business-in-under-150-words/,People & Partnerships,,medium
3587,The Blogging State of Mind: Lessons Learned from a 30-Day Blogging Challenge,https://www.synnovatia.com/business-coaching-bid-156581-the-blogging-state-of-mind-lessons-learned-from-a-30-day-blogging-challenge/,Sales & Marketing,,medium
3588,3 Sure-Fire Ways for Small Business Owners to Create More Time,https://www.synnovatia.com/business-coaching-bid-156543-3-sure-fire-ways-for-small-business-owners-to-create-more-time/,Strategy & Planning,,high
3589,The One Change You Need to Grow Your Small Business,https://www.synnovatia.com/business-coaching-bid-156515-the-one-change-you-need-to-grow-your-small-business/,Growth & Scaling,,medium
3590,The Way You’re Working Isn’t Working: Redefining Small Business Success,https://www.synnovatia.com/business-coaching-bid-156492-the-way-you-re-working-isn-t-working-redefining-small-business-success/,Mindset & Resilience,Strategy & Planning,medium
3591,3 Things to Avoid For Small Business Success,https://www.synnovatia.com/business-coaching-bid-156445-3-things-to-avoid-for-small-business-success/,Strategy & Planning,,medium
3592,A Sure-Fire Strategy for Small Business Goal Achievement,https://www.synnovatia.com/business-coaching-bid-156426-a-sure-fire-strategy-for-small-business-goal-achievement/,Strategy & Planning,,high
3593,Don’t Do “THIS” When Building Small Business Referral Relationships,https://www.synnovatia.com/business-coaching-bid-156421-don-t-do-this-when-building-small-business-referral-relationships/,People & Partnerships,Sales & Marketing,high
3594,Small Business Success Comes in Cans””,https://www.synnovatia.com/business-coaching-bid-156410-small-business-success-comes-in-cans/,Mindset & Resilience,,medium
3595,How Small Business Owners Get Things To Go As Planned,https://www.synnovatia.com/business-coaching-bid-156359-how-small-business-owners-get-things-to-go-as-planned/,Strategy & Planning,,high
3596,How to Build a Small Business You Love,https://www.synnovatia.com/business-coaching-bid-156335-how-to-build-a-small-business-you-love/,Ownership & Entrepreneurship,,high
3597,"With Facebook Pushing Paid Posts, What are Your Social Media Alternatives?",https://www.synnovatia.com/business-coaching-bid-156280-with-facebook-pushing-paid-posts-what-are-your-social-media-alternatives/,Sales & Marketing,,high
3598,10 Things Dad Taught Us About Running a Small Business,https://www.synnovatia.com/business-coaching-bid-156262-10-things-dad-taught-us-about-running-a-small-business/,Ownership & Entrepreneurship,,medium
3599,Why Growing Your Small Business in a Silo is Bad for Business,https://www.synnovatia.com/business-coaching-bid-156222-why-growing-your-small-business-in-a-silo-is-bad-for-business/,People & Partnerships,Growth & Scaling,medium
3600,Forget Work-Life Balance! Productive Small Business Owners Aim for Work-Life Groove,https://www.synnovatia.com/business-coaching-bid-156217-forget-work-life-balance-productive-small-business-owners-aim-for-work-life-groove/,Mindset & Resilience,,high
3601,Clean Your Plate! Things Your Mom Taught You About Small Business,https://www.synnovatia.com/business-coaching-bid-156209-clean-your-plate-things-your-mom-taught-you-about-small-business/,Mindset & Resilience,,low
3602,3 Common Beliefs Others Have About Your Home-Based Business,https://www.synnovatia.com/business-coaching-bid-156188-3-common-beliefs-others-have-about-your-home-based-business/,Ownership & Entrepreneurship,,low
3604,Collaboration: The Emerging Trend for Small Business Growth,https://www.synnovatia.com/business-coaching-bid-156123-collaboration-the-emerging-trend-for-small-business-growth/,People & Partnerships,Growth & Scaling,high
3606,3 Things You Need to do For Your Small Business to Grow,https://www.synnovatia.com/business-coaching-bid-156032-3-things-you-need-to-do-for-your-small-business-to-grow/,Growth & Scaling,,medium
3607,This is a Test! Are Assumptions Derailing Your Small Business Success?,https://www.synnovatia.com/business-coaching-bid-156025-this-is-a-test-are-assumptions-derailing-your-small-business-success/,Mindset & Resilience,Strategy & Planning,medium
3608,How to Attract Your Ideal Client to Your Small Business,https://www.synnovatia.com/business-coaching-bid-154286-how-to-attract-your-ideal-client-to-your-small-business/,Sales & Marketing,,high
3609,Five Steps to Building Financial Reserves for Your Small Business,https://www.synnovatia.com/business-coaching-bid-154288-five-steps-to-building-financial-reserves-for-your-small-business/,Strategy & Planning,,high
3610,Business Growth Strategy: How to Make Friends with Email,https://www.synnovatia.com/business-coaching-bid-155937-business-growth-strategy-how-to-make-friends-with-email/,Sales & Marketing,Growth & Scaling,medium
3611,10 Ways Your Small Business Benefits from Strategic Group Coaching,https://www.synnovatia.com/business-coaching-bid-155872-10-ways-your-small-business-benefits-from-strategic-group-coaching/,People & Partnerships,Strategy & Planning,medium
3612,Smart Selling: Ten Tips to Small Business Sales Success,https://www.synnovatia.com/business-coaching-bid-154292-smart-selling-ten-tips-to-small-business-sales-success/,Sales & Marketing,,high
3613,Are You a Pushover in your Small Business?,https://www.synnovatia.com/business-coaching-bid-155822-are-you-a-pushover-in-your-small-business/,Mindset & Resilience,,medium
3614,The 4 Top Unknown Reasons Your Business Needs Goals,https://www.synnovatia.com/business-coaching-bid-155815-the-4-top-unknown-reasons-your-business-needs-goals/,Strategy & Planning,,high
3615,5 Ways to Shift Your Small Business Into Drive,https://www.synnovatia.com/business-coaching-bid-155809-5-ways-to-shift-your-small-business-into-drive/,Growth & Scaling,Mindset & Resilience,medium
3616,Small Business Blogging: The Pain and the Promise for Entrepreneurs,https://www.synnovatia.com/business-coaching-bid-155768-small-business-blogging-the-pain-and-the-promise-for-entrepreneurs/,Sales & Marketing,,medium
3618,Women Business Owners: What You Need to Succeed,https://www.synnovatia.com/business-coaching-bid-155351-women-business-owners-what-you-need-to-succeed/,Ownership & Entrepreneurship,,medium
3619,Accounting & Growth for Small Business: The Devil’s in the Details…,https://www.synnovatia.com/business-coaching-bid-154291-accounting-growth-for-small-business-the-devil-s-in-the-details/,Strategy & Planning,,medium
3620,Are Your Small Business Offerings in Need of a Nip/Tuck?,https://www.synnovatia.com/business-coaching-bid-154295-are-your-small-business-offerings-in-need-of-a-nip-tuck/,Sales & Marketing,Growth & Scaling,medium
3621,Operating Efficiently as a Small Business Entrepreneur,https://www.synnovatia.com/business-coaching-bid-154290-operating-efficiently-as-a-small-business-entrepreneur/,Strategy & Planning,,medium
3622,10 Steps to Make Your Small Business Dream a Reality,https://www.synnovatia.com/business-coaching-bid-154297-10-steps-to-make-your-small-business-dream-a-reality/,Strategy & Planning,Ownership & Entrepreneurship,medium
3623,Ten Uncoventional Ways To Grow Your Business,https://www.synnovatia.com/business-coaching-bid-154296-ten-uncoventional-ways-to-grow-your-business/,Growth & Scaling,,high
3624,Grow Your Skill: Grow Your Small Business,https://www.synnovatia.com/business-coaching-bid-154284-grow-your-skill-grow-your-small-business/,Growth & Scaling,Ownership & Entrepreneurship,medium
3625,Marketing: What’s Hot & What’s Not …And What to Do to Grow Your Business,https://www.synnovatia.com/business-coaching-bid-154294-marketing-what-s-hot-what-s-not-and-what-to-do-to-grow-your-business/,Sales & Marketing,,high
3626,How to Achieve More in Your Small Business with Less Effort,https://www.synnovatia.com/business-coaching-bid-154191-how-to-achieve-more-in-your-small-business-with-less-effort/,Strategy & Planning,,medium
3627,4 Actions to Make Business Growth Your Top Priority,https://www.synnovatia.com/business-coaching-bid-154110-4-actions-to-make-business-growth-your-top-priority/,Growth & Scaling,,high
3628,6 Ways to Scare Up New Clients for Your Small Business,https://www.synnovatia.com/business-coaching-bid-153920-6-ways-to-scare-up-new-clients-for-your-small-business/,Sales & Marketing,,high
3629,Is People Pleasing Impacting Your Business Growth?,https://www.synnovatia.com/business-coaching-bid-153796-is-people-pleasing-impacting-your-business-growth/,Mindset & Resilience,Growth & Scaling,medium
3630,What’s Your Coachability Factor? How to Get Business Coaching Results,https://www.synnovatia.com/business-coaching-bid-152960-what-s-your-coachability-factor-how-to-get-business-coaching-results/,Ownership & Entrepreneurship,,medium
3631,8 Ways My Business Benefits From Business Coaching,https://www.synnovatia.com/business-coaching-bid-152423-8-ways-my-business-benefits-from-business-coaching/,Ownership & Entrepreneurship,,medium
3632,6 Ways Business Coaching Prevents Sales Slumps in Your Business,https://www.synnovatia.com/business-coaching-bid-152206-6-ways-business-coaching-prevents-sales-slumps-in-your-business/,Sales & Marketing,Ownership & Entrepreneurship,medium
3633,Feel Scattered? Quarterly Small Business Planning Keeps You On Track,https://www.synnovatia.com/business-coaching-bid-151527-feel-scattered-quarterly-small-business-planning-keeps-you-on-track/,Strategy & Planning,,high
3634,Daily Planning for Success is an Entrepreneurs Pot of Gold,https://www.synnovatia.com/business-coaching-bid-151322-daily-planning-for-success-is-an-entrepreneurs-pot-of-gold/,Strategy & Planning,,high
3635,Want More Clients? Planning for Success Weekly Builds Your Capacity,https://www.synnovatia.com/business-coaching-bid-151313-want-more-clients-planning-for-success-weekly-builds-your-capacity/,Strategy & Planning,Sales & Marketing,medium
3636,Let Monthly Business Growth Planning Keep You Focused,https://www.synnovatia.com/business-coaching-bid-151202-let-monthly-business-growth-planning-keep-you-focused/,Strategy & Planning,Growth & Scaling,high
3637,Unzip Your Success! 5 Types of Business Planning,https://www.synnovatia.com/business-coaching-bid-151076-unzip-your-success-5-types-of-planning-every-small-business-needs/,Strategy & Planning,,high
3638,Time is Not a Twinkie! Time Management Tips For Small Business,https://www.synnovatia.com/business-coaching-bid-150917-time-is-not-a-twinkie-learn-to-use-time-wisely-in-your-small-business/,Strategy & Planning,Mindset & Resilience,medium
3639,6 Steps to Small Business Revenue Growth,https://www.synnovatia.com/business-coaching-bid-150801-6-steps-to-small-business-revenue-growth/,Growth & Scaling,,high
3640,Show Me the Money! 5 Ways to Stop Underearning in Your Small Business,https://www.synnovatia.com/business-coaching-bid-150439-show-me-the-money-5-ways-to-stop-underearning-in-your-small-business/,Sales & Marketing,Mindset & Resilience,medium
3641,Got a Boat to Burn in Your Small Business? I’ve Got a Match!,https://www.synnovatia.com/business-coaching-bid-150115-got-a-boat-to-burn-in-your-small-business-i-ve-got-a-match/,Mindset & Resilience,,low
3642,The Icing on the Cake for Your Small Business,https://www.synnovatia.com/business-coaching-bid-149794-the-icing-on-the-cake-for-your-small-business/,Sales & Marketing,Strategy & Planning,low
3643,Grab Your Ruler! See How Your Social Media Measures Up,https://www.synnovatia.com/business-coaching-bid-149590-grab-your-ruler-see-how-your-social-media-measures-up/,Sales & Marketing,,high
3644,10 Solutions to Beat a Summer Sales Slump,https://www.synnovatia.com/business-coaching-bid-72592-10-solutions-to-beat-a-summer-sales-slump/,Sales & Marketing,,high
3645,Small Business: Which Social Media Platform is Best for You?,https://www.synnovatia.com/business-coaching-bid-148970-small-business-which-social-media-platform-is-best-for-you/,Sales & Marketing,,high
3646,When Should You Hire A Lawyer For Your Small Business? [Guest Blog],https://www.synnovatia.com/business-coaching-bid-148958-when-should-you-hire-a-lawyer-for-your-small-business-guest-blog/,People & Partnerships,,medium
3647,6 Ways Your Small Business Can Successfully Manage Social Media,https://www.synnovatia.com/business-coaching-bid-148817-6-ways-your-small-business-can-successfully-manage-social-media/,Sales & Marketing,,high
3648,Is it Time to Move Out of Your Inbox?,https://www.synnovatia.com/business-coaching-bid-148488-is-it-time-to-move-out-of-your-inbox/,Strategy & Planning,Mindset & Resilience,medium
3649,The Formula to Overcome Underpricing Yourself & Your Business,https://www.synnovatia.com/business-coaching-bid-148442-the-formula-to-overcome-underpricing-yourself-your-business/,Sales & Marketing,Mindset & Resilience,medium
3650,6 Questions to Ask When Interviewing a Strategic Business Coach,https://www.synnovatia.com/business-coaching-bid-148312-6-questions-to-ask-when-interviewing-a-strategic-business-coach/,Ownership & Entrepreneurship,,medium
3651,6 Smart Business Reasons to Run a Competitive Analysis,https://www.synnovatia.com/business-coaching-bid-126137-6-smart-business-reasons-to-run-a-competitive-analysis/,Strategy & Planning,Sales & Marketing,high
3652,Small Business Performance Solution: Get the Right Things Done,https://www.synnovatia.com/business-coaching-bid-147944-small-business-performance-solution-get-the-right-things-done/,Strategy & Planning,,medium
3653,8 Assumptions Squashing Your Small Business Growth,https://www.synnovatia.com/business-coaching-bid-147879-8-assumptions-squashing-your-small-business-growth/,Growth & Scaling,Mindset & Resilience,medium
3654,Want Greater Results? Pace Your Business Growth.,https://www.synnovatia.com/business-coaching-bid-147612-want-greater-results-pace-your-business-growth/,Growth & Scaling,,high
3655,Grow Your Business: How to Create More Focused Time,https://www.synnovatia.com/business-coaching-bid-147485-how-to-create-more-focused-time-to-grow-your-business/,Growth & Scaling,Strategy & Planning,medium
3656,5 Cool Things a Business Strategist Does for Your Small Business,https://www.synnovatia.com/business-coaching-bid-147382-5-cool-things-a-business-strategist-does-for-your-small-business/,Strategy & Planning,,medium
3657,Saying “Yes” to Conventional Wisdom Chokes Business Growth,https://www.synnovatia.com/business-coaching-bid-147368-saying-yes-to-conventional-wisdom-chokes-business-growth/,Growth & Scaling,,medium
3658,5 Simple Strategies to Spark Small Business Performance,https://www.synnovatia.com/business-coaching-bid-147221-5-simple-strategies-to-spark-small-business-performance/,Strategy & Planning,,medium
3659,"Overcome Underpricing, & Its Evil Twin, Underearning in Small Business",https://www.synnovatia.com/business-coaching-bid-146928-overcome-underpricing-its-evil-twin-underearning-in-small-business/,Sales & Marketing,Mindset & Resilience,medium
3660,5 on Friday: 5 Advisers Every Small Business Needs to Grow,https://www.synnovatia.com/business-coaching-bid-146882-5-on-friday-5-advisers-every-small-business-needs-to-grow/,People & Partnerships,Growth & Scaling,high
3661,Can Too Much Optimism Dampen Your Business Growth?,https://www.synnovatia.com/business-coaching-bid-146804-can-too-much-optimism-dampen-your-business-growth/,Mindset & Resilience,Growth & Scaling,medium
3662,5 on Friday: 5 Strategies to Overcome Sales Reluctance,https://www.synnovatia.com/business-coaching-bid-146597-5-on-friday-5-strategies-to-overcome-sales-reluctance/,Sales & Marketing,Mindset & Resilience,high
3663,Betting on Business Growth? Don’t Snub the Importance of Planning.,https://www.synnovatia.com/business-coaching-bid-146423-betting-on-business-growth-don-t-snub-the-importance-of-planning/,Strategy & Planning,Growth & Scaling,high
3664,5 on Friday: 5 Ways Women in Business Lean In” Every Day”,https://www.synnovatia.com/business-coaching-bid-146232-5-on-friday-5-ways-women-in-business-lean-in-every-day/,Ownership & Entrepreneurship,,medium
3665,8 Strategies to Avoid Small Business Burnout,https://www.synnovatia.com/business-coaching-bid-146125-8-strategies-to-avoid-small-business-burnout/,Mindset & Resilience,,high
3666,5 on Friday: 5 Things to Fear in Business,https://www.synnovatia.com/business-coaching-bid-146014-5-on-friday-5-things-to-fear-in-business/,Mindset & Resilience,,high
3667,(Ouch!) The 10 Common “Growing Pains” of Stage One Business Growth,https://www.synnovatia.com/business-coaching-bid-145848-ouch-the-10-common-growing-pains-of-stage-one-business-growth/,Growth & Scaling,,high
3668,5 on Friday: 5 Questions to Simplify Your Small Business Blogging,https://www.synnovatia.com/business-coaching-bid-145509-5-on-friday-5-questions-to-simplify-your-small-business-blogging/,Sales & Marketing,,high
3669,Is Your Small Business a Hollow Chocolate Easter Bunny?,https://www.synnovatia.com/business-coaching-bid-120516-is-your-small-business-a-hollow-chocolate-easter-bunny/,Growth & Scaling,Strategy & Planning,low
3670,5 on Friday: 5 Sources of Content for Your Small Business Blog,https://www.synnovatia.com/business-coaching-bid-145150-5-on-friday-5-sources-of-content-for-your-small-business-blog/,Sales & Marketing,,high
3671,Cracking the Code on Facebook for Small Business,https://www.synnovatia.com/business-coaching-bid-145095-cracking-the-code-on-facebook-for-small-business/,Sales & Marketing,,high
3672,Five on Friday: Five Ways to Erase Your Fear in Business,https://www.synnovatia.com/business-coaching-bid-145024-five-on-friday-five-ways-to-erase-your-fear-in-business/,Mindset & Resilience,,high
3673,10 Tips for Entrepreneurs to Achieve Work-Life Balance,https://www.synnovatia.com/business-coaching-bid-144829-10-tips-for-entrepreneurs-to-achieve-work-life-balance/,Mindset & Resilience,,high
3674,Five on Friday – 5 Business Ideas for Women to Rock Their Success,https://www.synnovatia.com/business-coaching-bid-144673-five-on-friday-5-business-ideas-for-women-to-rock-their-success/,Ownership & Entrepreneurship,,medium
3675,Five on Friday – 5 Signs the Price is Right for Your Small Business,https://www.synnovatia.com/business-coaching-bid-144346-five-on-friday-5-signs-the-price-is-right-for-your-small-business/,Sales & Marketing,,high
3676,"Oh, The Places Your Small Business Can Grow",https://www.synnovatia.com/business-coaching-bid-143996-oh-the-places-your-small-business-can-grow/,Growth & Scaling,,medium
3677,Five on Friday – Five Tips to Develop Clear Goals for Your Small Business,https://www.synnovatia.com/business-coaching-bid-143465-five-on-friday-five-tips-to-develop-clear-goals-for-your-small-business/,Strategy & Planning,,high
3678,Your Business Website & The Virtual Community,https://www.synnovatia.com/business-coaching-bid-143617-your-business-website-the-virtual-community/,Sales & Marketing,,medium
3679,Business Development Strategies to Turn Linkedin Views into Clients,https://www.synnovatia.com/business-coaching-bid-143356-business-development-strategies-to-turn-linkedin-views-into-clients/,Sales & Marketing,,high
3680,Five on Friday: Five Ways To Make Your Small Business “Net” Work,https://www.synnovatia.com/business-coaching-bid-103738-five-on-friday-five-ways-to-make-your-small-business-net-work/,People & Partnerships,,high
3681,Sound Off: Can Your Small Business Succeed on a 25-hour Workweek?,https://www.synnovatia.com/business-coaching-bid-143094-sound-off-can-your-small-business-succeed-on-a-25-hour-workweek/,Mindset & Resilience,,medium
3682,The Do’s and Don’ts of Goal Achievement in Your Small Business,https://www.synnovatia.com/business-coaching-bid-142952-the-do-s-and-don-ts-of-goal-achievement-in-your-small-business/,Strategy & Planning,,high
3683,Five on Friday: Five Ways to Use Personal Power for Business Growth,https://www.synnovatia.com/business-coaching-bid-142596-five-on-friday-five-ways-to-use-personal-power-for-business-growth/,Mindset & Resilience,Growth & Scaling,medium
3684,Don’t Hurry Your Small Business Growth!,https://www.synnovatia.com/business-coaching-bid-142583-don-t-hurry-your-small-business-growth/,Growth & Scaling,,medium
3685,Five on Friday: Five Ways Entrepreneurs Restore Work-Life Balance,https://www.synnovatia.com/business-coaching-bid-142079-five-on-friday-five-ways-entrepreneurs-restore-work-life-balance/,Mindset & Resilience,,high
3686,Five on Friday: Five Steps to Better Manage Your Goals,https://www.synnovatia.com/business-coaching-bid-141698-five-on-friday-five-steps-to-better-manage-your-goals/,Strategy & Planning,,high
3687,Five on Friday: 5 Ways to Get More Done in Your Business,https://www.synnovatia.com/business-coaching-bid-141616-five-on-friday-5-ways-to-get-more-done-in-your-business/,Strategy & Planning,,medium
3688,The 7 Primary Wants of the Entrepreneur,https://www.synnovatia.com/business-coaching-bid-141423-the-7-primary-wants-of-the-entrepreneur/,Ownership & Entrepreneurship,,medium
3689,7 Topics Entrepreneurs Want to Learn About,https://www.synnovatia.com/business-coaching-bid-141123-7-topics-entrepreneurs-want-to-learn-about/,Ownership & Entrepreneurship,,low
3690,The Entrepreneur’s Naughty and Nice List for Business Growth,https://www.synnovatia.com/business-coaching-bid-111622-the-entrepreneurs-naughty-and-nice-list-for-business-growth/,Growth & Scaling,,medium
3691,Questions Every Entrepreneur Needs to Ask at Year End,https://www.synnovatia.com/business-coaching-bid-139583-questions-every-entrepreneur-needs-to-ask-at-year-end/,Strategy & Planning,,high
3692,10 Questions Entrepreneurs Can Ask to Focus Their Vision,https://www.synnovatia.com/business-coaching-bid-139226-10-questions-entrepreneurs-can-ask-to-focus-their-vision/,Strategy & Planning,Ownership & Entrepreneurship,medium
3693,6 Lessons Entrepreneurs Can Learn from Ron Johnson (Who’s Ron?),https://www.synnovatia.com/business-coaching-bid-138608-6-lessons-entrepreneurs-can-learn-from-ron-johnson-who-s-ron/,Ownership & Entrepreneurship,,low
3694,Entrepreneur Speak: 8 Tips to a Stress-Less Holiday (Ho! Ho! Ho!),https://www.synnovatia.com/business-coaching-bid-138202-entrepreneur-speak-8-tips-to-a-stress-less-holiday-ho-ho-ho/,Mindset & Resilience,,medium
3695,What Entrepreneurs Want from a Strategic Business Coach,https://www.synnovatia.com/business-coaching-bid-137784-what-entrepreneurs-want-from-a-strategic-business-coach/,Ownership & Entrepreneurship,,medium
3696,Is Fear Spooking Your Business Success?,https://www.synnovatia.com/business-coaching-bid-137461-is-fear-spooking-your-business-success/,Mindset & Resilience,,high
3697,It Takes a Village To Run a Successful Business,https://www.synnovatia.com/business-coaching-bid-137234-it-takes-a-village-to-run-a-successful-business/,People & Partnerships,,high
3698,The Basics for Business Coaching: Establishing the Relationship,https://www.synnovatia.com/business-coaching-bid-137045-the-basics-for-business-coaching-establishing-the-relationship/,Ownership & Entrepreneurship,,medium
3699,Is Decision Fatigue Slowing Your Business Growth?,https://www.synnovatia.com/business-coaching-bid-137001-is-decision-fatigue-slowing-your-business-growth/,Mindset & Resilience,Growth & Scaling,medium
3700,Entrepreneurs Use Improv to Improve Business Skills,https://www.synnovatia.com/business-coaching-bid-136723-entrepreneurs-use-improv-to-improve-business-skills/,Mindset & Resilience,Strategy & Planning,low
3701,Does Your Definition of Business Success Belong to You?,https://www.synnovatia.com/business-coaching-bid-136583-does-your-definition-of-business-success-belong-to-you/,Ownership & Entrepreneurship,,high
3702,Business Coach or Business Consultant: The Decisive Difference,https://www.synnovatia.com/business-coaching-bid-136101-business-coach-or-business-consultant-the-decisive-difference/,Ownership & Entrepreneurship,,medium
3703,An Entrepreneur’s Etch-A-Sketch Moment,https://www.synnovatia.com/business-coaching-bid-135964-an-entrepreneur-s-etch-a-sketch-moment/,Mindset & Resilience,Strategy & Planning,low
3704,Strategic Business Coaching Produces Results You Can Measure,https://www.synnovatia.com/business-coaching-bid-135451-strategic-business-coaching-produces-results-you-can-measure/,Ownership & Entrepreneurship,,medium
3705,5 Steps to Dramatically Enhance Your Small Business Growth,https://www.synnovatia.com/business-coaching-bid-135438-5-steps-to-dramatically-enhance-your-small-business-growth/,Growth & Scaling,,high
3706,10 Things a Solopreneur Can Do Without,https://www.synnovatia.com/business-coaching-bid-135365-10-things-a-solopreneur-can-do-without/,Ownership & Entrepreneurship,,medium
3707,4 Steps to Reduce Information Overload & Raise Your Confidence,https://www.synnovatia.com/business-coaching-bid-134793-4-steps-to-reduce-information-overload-raise-your-confidence/,Mindset & Resilience,,medium
3708,What Makes an Effective Strategic Business Coach,https://www.synnovatia.com/business-coaching-bid-134571-what-makes-an-effective-strategic-business-coach/,Ownership & Entrepreneurship,,medium
3709,Is Ungrowth the New Growth Strategy for Business?,https://www.synnovatia.com/business-coaching-bid-134327-is-ungrowth-the-new-growth-strategy-for-business/,Growth & Scaling,Strategy & Planning,medium
3710,Solo Entrepreneurs: Better & Smarter But Maybe Not Richer,https://www.synnovatia.com/business-coaching-bid-134265-solo-entrepreneurs-better-smarter-but-maybe-not-richer/,Ownership & Entrepreneurship,,medium
3711,Adding Fun to Your Follow-Up Can Actually Grow Your Business,https://www.synnovatia.com/business-coaching-bid-134152-adding-fun-to-your-follow-up-can-actually-grow-your-business/,Sales & Marketing,,high
3712,Is it Time to Rethink Your Business Growth?,https://www.synnovatia.com/business-coaching-bid-134082-is-it-time-to-rethink-your-business-growth/,Growth & Scaling,Strategy & Planning,high
3713,Every Entrepreneur Needs a Business Coach,https://www.synnovatia.com/business-coaching-bid-133873-every-entrepreneur-needs-a-business-coach/,Ownership & Entrepreneurship,,medium
3714,The Dirty Little Secret Most Entrepreneurs Won’t Admit,https://www.synnovatia.com/business-coaching-bid-133775-the-dirty-little-secret-most-entrepreneurs-won-t-admit/,Growth & Scaling,,low
3715,5 Tips to Improve Your Linkedin Experience & Grow Your Business,https://www.synnovatia.com/business-coaching-bid-133535-5-tips-to-improve-your-linkedin-experience-grow-your-business/,Sales & Marketing,,high
3716,Does Your Networking Persona Get in the Way of Growing Your Business?,https://www.synnovatia.com/business-coaching-bid-133523-does-your-networking-persona-get-in-the-way-of-growing-your-business/,People & Partnerships,Sales & Marketing,medium
3717,The New Killer Email App for Entrepreneurs: YOU,https://www.synnovatia.com/business-coaching-bid-133366-the-new-killer-email-app-for-entrepreneurs-you/,Strategy & Planning,Mindset & Resilience,low
3718,Is Your Business Ready to Deliver?,https://www.synnovatia.com/business-coaching-bid-132990-is-your-business-ready-to-deliver/,Growth & Scaling,,low
3719,20 Entrepreneurial Lessons from the 2012 Olympic Games,https://www.synnovatia.com/business-coaching-bid-132907-20-entrepreneurial-lessons-from-the-2012-olympic-games/,Mindset & Resilience,,medium
3720,Are Flies” Gumming Up Your Business Growth?”,https://www.synnovatia.com/business-coaching-bid-132741-are-flies-gumming-up-your-business-growth/,Growth & Scaling,Strategy & Planning,low
3721,The High Cost of Indecision on Growing Your Business,https://www.synnovatia.com/business-coaching-bid-132601-the-high-cost-of-indecision-on-growing-your-business/,Growth & Scaling,Mindset & Resilience,medium
3722,Getting Past Your Fears and Growing a Successful Business,https://www.synnovatia.com/business-coaching-bid-132417-getting-past-your-fears-and-growing-a-successful-business/,Mindset & Resilience,Growth & Scaling,medium
3723,"Business Metrics: If You Don’t Know It, You Can’t Grow It",https://www.synnovatia.com/business-coaching-bid-132327-business-metrics-if-you-don-t-know-it-you-can-t-grow-it/,Strategy & Planning,Growth & Scaling,high
3724,"Passion, Performance, and Michael Phelps",https://www.synnovatia.com/business-coaching-bid-132248-passion-performance-and-michael-phelps/,Mindset & Resilience,,medium
3725,Your Circle of Influence May Be Impacting Your Business Growth,https://www.synnovatia.com/business-coaching-bid-131675-your-circle-of-influence-may-be-impacting-your-business-growth/,People & Partnerships,Growth & Scaling,medium
3726,Strategic Business Coach: Luxury or Necessity?,https://www.synnovatia.com/business-coaching-bid-131605-strategic-business-coach-luxury-or-necessity/,Ownership & Entrepreneurship,,medium
3727,Sound Off: Should Entrepreneurs Work On Their Day Off?,https://www.synnovatia.com/business-coaching-bid-131613-sound-off-should-entrepreneurs-work-on-their-day-off/,Mindset & Resilience,,medium
3728,Say “Heck Yeah” to Growing Your Business,https://www.synnovatia.com/business-coaching-bid-131260-say-heck-yeah-to-growing-your-business/,Growth & Scaling,Mindset & Resilience,medium
3729,How to Overcome Overwhelm to Grow Your Business,https://www.synnovatia.com/business-coaching-bid-131060-how-to-overcome-overwhelm-to-grow-your-business/,Mindset & Resilience,Growth & Scaling,high
3730,30 Ways for Entrepreneurs to Grow Their Business,https://www.synnovatia.com/business-coaching-bid-130939-30-ways-for-entrepreneurs-to-grow-their-business/,Growth & Scaling,,high
3731,4 Ways Entrepreneurs Sabotage Their Networking Efforts,https://www.synnovatia.com/business-coaching-bid-130584-4-ways-entrepreneurs-sabotage-their-networking-efforts/,People & Partnerships,,high
3732,4 Tips for Entrepreneurs to Make the Most of Networking Relationships,https://www.synnovatia.com/business-coaching-bid-130054-4-tips-for-entrepreneurs-to-make-the-most-of-networking-relationships/,People & Partnerships,,high
3733,4 Must –Do’s for Entrepreneurs to Achieve a Networking ROI,https://www.synnovatia.com/business-coaching-bid-129917-4-must-do-s-for-entrepreneurs-to-achieve-a-networking-roi/,People & Partnerships,,high
3734,7 Tips for Entrepreneurs to Achieve Work/Life Balance,https://www.synnovatia.com/business-coaching-bid-129695-7-tips-for-entrepreneurs-to-achieve-work-life-balance/,Mindset & Resilience,,high
3735,Ten Ways to Accelerate Business Growth,https://www.synnovatia.com/business-coaching-bid-127839-ten-ways-to-accelerate-business-growth/,Growth & Scaling,,high
3736,4 Things Entrepreneurs Can Learn from Howard Stern,https://www.synnovatia.com/business-coaching-bid-127339-4-things-entrepreneurs-can-learn-from-howard-stern/,Ownership & Entrepreneurship,,low
3737,How Your Mindset Sparks Business Success,https://www.synnovatia.com/business-coaching-bid-127198-how-your-mindset-sparks-business-success/,Mindset & Resilience,,high
3738,Small Business Week Celebrates the Heart and Soul of the Economy,https://www.synnovatia.com/business-coaching-bid-126514-small-business-week-celebrates-the-heart-and-soul-of-the-economy/,Ownership & Entrepreneurship,,low
3739,Is your Small Business “Liked” Beyond Facebook?,https://www.synnovatia.com/business-coaching-bid-126105-is-your-small-business-liked-beyond-facebook/,Sales & Marketing,,high
3740,The Small Business Pricing Conundrum: Underpricing,https://www.synnovatia.com/business-coaching-bid-125542-the-small-business-pricing-conundrum-underpricing/,Sales & Marketing,Mindset & Resilience,medium
3741,"Your Business Has Needs, Too!",https://www.synnovatia.com/business-coaching-bid-125038-your-business-has-needs-too/,Mindset & Resilience,,medium
3742,Five Smart Business Strategies to Set Yourself Up for Success,https://www.synnovatia.com/business-coaching-bid-124782-five-smart-business-strategies-to-set-yourself-up-for-success/,Strategy & Planning,,high
3743,Survey Says: Juggling Most Challenging Aspect of Entrepreneurship,https://www.synnovatia.com/business-coaching-bid-124490-survey-says-juggling-most-challenging-aspect-of-entrepreneurship/,Mindset & Resilience,,medium
3744,Goal Management: A More Effective Approach For Achievement Than Time Management,https://www.synnovatia.com/business-coaching-bid-124229-smart-business-uses-goal-management-to-achieve/,Strategy & Planning,,high
3745,Push Past Limits for a Smart Business,https://www.synnovatia.com/business-coaching-bid-123934-push-past-limits-for-a-smart-business/,Mindset & Resilience,,medium
3746,Is it Smart Business to “Fire a Client”?,https://www.synnovatia.com/business-coaching-bid-123288-is-it-smart-business-to-fire-a-client/,People & Partnerships,Strategy & Planning,medium
3747,A Strategic Business Coach’s Message to the Accidental Entrepreneur,https://www.synnovatia.com/business-coaching-bid-122493-a-strategic-business-coach-s-message-to-the-accidental-entrepreneur/,Ownership & Entrepreneurship,,medium
3748,The Anatomy of a Strategic Business Coaching Call,https://www.synnovatia.com/business-coaching-bid-121935-the-anatomy-of-a-strategic-business-coaching-call/,Ownership & Entrepreneurship,,medium
3749,Is a Partnership in Your Business Future?,https://www.synnovatia.com/business-coaching-bid-121172-is-a-partnership-in-your-business-future/,People & Partnerships,,high
3750,What Your Business Can Do to Avoid Extinction,https://www.synnovatia.com/business-coaching-bid-120917-what-your-business-can-do-to-avoid-extinction/,Growth & Scaling,Strategy & Planning,medium
3751,5 Factors That Boost Your Website Bounce Rate,https://www.synnovatia.com/business-coaching-bid-120272-5-factors-that-boost-your-website-bounce-rate/,Sales & Marketing,,high
3752,A Strategic Coach Talks about Developing Trust that Endures,https://www.synnovatia.com/business-coaching-bid-119919-a-strategic-coach-talks-about-developing-trust-that-endures/,Ownership & Entrepreneurship,,medium
3753,Strategic Coach Uses Drafting to Accelerate Business Growth,https://www.synnovatia.com/business-coaching-bid-119685-strategic-coach-uses-drafting-to-accelerate-business-growth/,Growth & Scaling,,medium
3754,What Entrepreneurs Benefit Most from Strategic Business Coaching?,https://www.synnovatia.com/business-coaching-bid-119336-what-entrepreneurs-benefit-most-from-strategic-business-coaching/,Ownership & Entrepreneurship,,medium
3755,This Strategic Coach Says “No” and Means It*,https://www.synnovatia.com/business-coaching-bid-118774-this-strategic-coach-says-no-and-means-it/,Mindset & Resilience,Strategy & Planning,medium
3756,Confessions From a Strategic Coach on Work/Life Balance,https://www.synnovatia.com/business-coaching-bid-118401-confessions-from-a-strategic-coach-on-work-life-balance/,Mindset & Resilience,,high
3757,A Strategic Coach’s Prescription for Inertia,https://www.synnovatia.com/business-coaching-bid-118220-a-strategic-coach-s-prescription-for-inertia/,Growth & Scaling,Mindset & Resilience,medium
3758,A Strategic Coaching Approach to Business Competition,https://www.synnovatia.com/business-coaching-bid-117849-a-strategic-coaching-approach-to-business-competition/,Strategy & Planning,Sales & Marketing,medium
3759,Be Speedy in your Decisions: The Strategic Coach Perspective,https://www.synnovatia.com/business-coaching-bid-117690-be-speedy-in-your-decisions-the-strategic-coach-perspective/,Strategy & Planning,,medium
3760,Small Business Ideas for Business Growth: Minnovation,https://www.synnovatia.com/business-coaching-bid-117172-small-business-ideas-for-business-growth-minnovation/,Growth & Scaling,,medium
3761,What to Discuss With Your Strategic Coach,https://www.synnovatia.com/business-coaching-bid-116670-what-to-discuss-with-your-strategic-coach/,Ownership & Entrepreneurship,,medium
3762,Create Your Business Growth Plan with Strategic Coaching,https://www.synnovatia.com/business-coaching-bid-116397-create-your-business-growth-plan-with-strategic-coaching/,Strategy & Planning,Growth & Scaling,high
3763,Small Business Advice on Time Saving Technology,https://www.synnovatia.com/business-coaching-bid-106878-small-business-advice-on-time-saving-technology/,Strategy & Planning,,medium
3765,Cash Flow – Want Some Tips?,https://www.synnovatia.com/business-coaching-bid-104311-cash-flow-want-some-tips/,Strategy & Planning,,high
3766,Where Will Your Business Grow?,https://www.synnovatia.com/business-coaching-bid-102923-where-will-your-business-grow/,Growth & Scaling,,medium
3767,Don’t Grow Your Business Alone: Enlist Your Vendors,https://www.synnovatia.com/business-coaching-bid-102825-don-t-grow-your-business-alone-enlist-your-vendors/,People & Partnerships,Growth & Scaling,high
3768,Business Entity Basics: A Quick and Dirty Guide,https://www.synnovatia.com/business-coaching-bid-102352-business-entity-basics-a-quick-and-dirty-guide/,Strategy & Planning,,medium
3769,Growth Strategies for Business: Improve Your Believability,https://www.synnovatia.com/business-coaching-bid-97452-growth-strategies-for-business-improve-your-believability/,Sales & Marketing,Growth & Scaling,medium
3770,Hire the Right Accountant With Strategic Coaching Questions,https://www.synnovatia.com/business-coaching-bid-96507-hire-the-right-accountant-with-strategic-coaching-questions/,People & Partnerships,,high
3771,Better Serve Your Clients to Generate Referrals,https://www.synnovatia.com/business-coaching-bid-90701-better-serve-your-clients-to-generate-referrals/,Sales & Marketing,,high
3772,Ten Signs You’re an Overworked Small Business Entrepreneur,https://www.synnovatia.com/business-coaching-bid-87418-ten-signs-you-re-an-overworked-small-business-entrepreneur/,Mindset & Resilience,,high
3773,Accounting and Financial Growth Assessment,https://www.synnovatia.com/business-coaching-bid-85258-accounting-and-financial-growth-assessment/,Strategy & Planning,,medium
3774,The Essential To-Do List for First-Time Entrepreneurs,https://www.synnovatia.com/business-coaching-bid-85259-the-essential-to-do-list-for-first-time-entrepreneurs/,Strategy & Planning,,low
3775,Top Ten Things Entrepreneurs Can Learn from Women’s Soccer,https://www.synnovatia.com/business-coaching-bid-85192-top-ten-things-entrepreneurs-can-learn-from-women-s-soccer/,Mindset & Resilience,,low
3776,Five Techniques to Overcome Sales Call Reluctance,https://www.synnovatia.com/business-coaching-bid-79230-five-techniques-to-overcome-sales-call-reluctance/,Sales & Marketing,,high
3777,Stop Selling & Start Serving for Better Sales Results,https://www.synnovatia.com/business-coaching-bid-79233-stop-selling-start-serving-for-better-sales-results/,Sales & Marketing,,high
3778,Qualities of the 21st Century Sales Professional,https://www.synnovatia.com/business-coaching-bid-72509-qualities-of-the-21st-century-sales-professional/,Sales & Marketing,,high
3779,The Skill of Business,https://www.synnovatia.com/business-coaching-bid-72497-the-skill-of-business/,Ownership & Entrepreneurship,,low
3780,Common Pricing Mistakes to Avoid,https://www.synnovatia.com/business-coaching-bid-72502-common-pricing-mistakes-to-avoid/,Sales & Marketing,,high
3781,When Timing is Right…,https://www.synnovatia.com/business-coaching-bid-72514-when-timing-is-right/,Sales & Marketing,,medium
3782,How to Develop Products and Services that Stick,https://www.synnovatia.com/business-coaching-bid-72503-how-to-develop-products-and-services-that-stick/,Sales & Marketing,Strategy & Planning,medium
3783,Recess for Entrepreneurs,https://www.synnovatia.com/business-coaching-bid-72489-recess-for-entrepreneurs/,Mindset & Resilience,,medium
3784,Disaster Preparedness: Are You Ready?,https://www.synnovatia.com/business-coaching-bid-72408-disaster-preparedness-are-you-ready/,Strategy & Planning,,medium
3785,Yes You Can!,https://www.synnovatia.com/business-coaching-bid-72414-yes-you-can/,Mindset & Resilience,,low
3786,The Fit Entrepreneur: Improve Your Bottom Line and Waistline,https://www.synnovatia.com/business-coaching-bid-72416-improve-your-bottom-line-and-waistline/,Mindset & Resilience,,high
3788,Declutter Your Task List,https://www.synnovatia.com/business-coaching-bid-72499-declutter-your-task-list/,Strategy & Planning,,medium
3789,Strategic Coaching to Strengthen the Core of Your Business,https://www.synnovatia.com/business-coaching-bid-72429-strategic-coaching-to-strengthen-the-core-of-your-business/,Ownership & Entrepreneurship,,medium
3790,Death By a Thousand Emails,https://www.synnovatia.com/business-coaching-bid-72501-death-by-a-thousand-emails/,Strategy & Planning,Mindset & Resilience,medium
3791,To Do or You Do?,https://www.synnovatia.com/business-coaching-bid-72504-to-do-or-you-do/,Strategy & Planning,,low
3792,Are You Planning for Success for 2011?,https://www.synnovatia.com/business-coaching-bid-72442-are-you-planning-for-success-for-2011/,Strategy & Planning,,high
3793,Rising Above Roadblocks to Strategic Planning: The Mind Space,https://www.synnovatia.com/business-coaching-bid-72445-rising-above-roadblocks-to-strategic-planning-the-mind-space/,Strategy & Planning,Mindset & Resilience,high
3794,Are You Stuck? What Keeps You Moving Forward!,https://www.synnovatia.com/business-coaching-bid-72506-are-you-stuck-what-keeps-you-moving-forward/,Mindset & Resilience,Growth & Scaling,medium
3795,Grow Your Business From the Inside Out,https://www.synnovatia.com/business-coaching-bid-72451-grow-your-business-from-the-inside-out/,Growth & Scaling,,medium
3796,Microenterprise Gets Access to Microloans,https://www.synnovatia.com/business-coaching-bid-72494-microenterprise-gets-access-to-microloans/,Strategy & Planning,,low
3797,The Four Stages of Growing Your Business,https://www.synnovatia.com/business-coaching-bid-72455-the-four-stages-of-growing-your-business/,Growth & Scaling,,high
3799,Do You Need Disability Income Protection?,https://www.synnovatia.com/business-coaching-bid-72458-do-you-need-disability-income-protection/,Strategy & Planning,,low
3800,Is Your Net Working…Or Are You Strangling Your Prospects?,https://www.synnovatia.com/business-coaching-bid-72460-is-your-net-working-or-are-you-strangling-your-prospects/,People & Partnerships,,high
3801,Six Steps to Finding Reliable Service Providers,https://www.synnovatia.com/business-coaching-bid-72441-six-steps-to-finding-reliable-service-providers/,People & Partnerships,,high
3802,Everyone’s NOT A Trained Coach,https://www.synnovatia.com/business-coaching-bid-72522-everyone-s-not-a-trained-coach/,Ownership & Entrepreneurship,,medium
3804,Five One-Liners That Kill a Sale,https://www.synnovatia.com/business-coaching-bid-72512-five-one-liners-that-kill-a-sale/,Sales & Marketing,,medium
3805,Breaking Up Is Hard To Do,https://www.synnovatia.com/business-coaching-bid-72529-breaking-up-is-hard-to-do/,People & Partnerships,,high
3806,Alice in Wonderland Uses Strategic Coaching to Slay Jabberwocky,https://www.synnovatia.com/business-coaching-bid-72533-alice-in-wonderland-uses-strategic-coaching-to-slay-jabberwocky/,Ownership & Entrepreneurship,,low
3807,Plug In: Technology in Business,https://www.synnovatia.com/business-coaching-bid-72517-plug-in-technology-in-business/,Strategy & Planning,,low
3808,Does Self-Employment Really Provide More Control?,https://www.synnovatia.com/business-coaching-bid-72521-does-self-employment-really-provide-more-control/,Ownership & Entrepreneurship,,medium
3809,13 Tips to Make Time Work For You and Your Small Business,https://www.synnovatia.com/business-coaching-bid-72508-13-tips-to-make-time-work-for-you-and-your-small-business/,Strategy & Planning,,high
